key,chi_square,is_selected,plaintext
0,49155.21552112474,0,"Rfymjrfynhx lnajx zx f uwjhnxj qfslzflj ktw ijxhwngnsl ufyyjwsx, tujwfyntsx, fsi ywfsxktwrfyntsx. F xrfqq jcujwnrjsy hfs htssjhy fs fgxywfhy ktwrzqf yt fs tgxjwafgqj wjxzqy. Ns f hqfxxnhfq hnumjw, jfhm qjyyjw nx wjuwjxjsyji gd f szrgjw fsi f pjd rtajx ymfy szrgjw fwtzsi f hnwhzqfw fqumfgjy. Ymj Hfjxfw hnumjw nx xnruqj jstzlm yt jcuqfns htruqjyjqd, djy ny xmtbx nrutwyfsy nijfx fgtzy rtizqfw fwnymrjynh, nsajwxj kzshyntsx, xjfwhm xufhjx, fsi xyfynxynhfq janijshj.

Bmjs f rjxxflj nx qtsl jstzlm, ymj inxywngzynts tk qjyyjwx htsyfnsx hqzjx fgtzy ymj qfslzflj tk ymj twnlnsfq yjcy. F xmnky hmfsljx ymj qfgjqx tk ymj qjyyjwx, gzy ny itjx sty hmfslj mtb rfsd xdrgtqx thhzw. Ymnx rfpjx ymj hnumjw zxjkzq ktw f hqfxxwttr jcujwnrjsy: gwzyj ktwhj hfs yjxy jajwd utxxngqj pjd, hmn xvzfwj hfs htrufwj f hfsinifyj bnym Jslqnxm kwjvzjshnjx, fsi s lwfrx hfs uwtanij fstymjw anjb tk ymj xfrj ijhnxnts. Ymj jcujwnrjsy xmtzqi wjhtwi gtym htwwjhy ijhnxntsx fsi wzssnsl ynrj xt ymfy htshqzxntsx fwj gfxji ts ifyf.

Hqjfw ithzrjsyfynts nx ufwy tk f ltti xhnjsynknh uwtlwfr. Bj xyfyj ymj ktwrzqf, nruqjrjsy ny inwjhyqd, yjxy jilj hfxjx, pjju wfsitr jcujwnrjsyx wjuwtizhngqj bnym f xjji, fsi xfaj wjxzqyx ns twinsfwd HXA knqjx. Ymj ltfq nx sty yt rfpj f htruqjc xdxyjr. Ymj ltfq nx yt zsijwxyfsi bmd f pjd xufhj tk tsqd ybjsyd xnc utxxngnqnynjx nx sty xzkknhnjsy ktw xjhzwnyd, fsi yt rjfxzwj mtb yjcy qjslym fkkjhyx f xyfynxynhfq lzjxx.

Ymj xfrj rjymti hfs gj jcuqfnsji ns f wjutwy. Knwxy, fxxnls F ymwtzlm E ymj szrgjwx ejwt ymwtzlm ybjsyd knaj. Ymjs fii ymj pjd rtizqt ybjsyd xnc yt jshwduy fsi xzgywfhy ymj pjd rtizqt ybjsyd xnc yt ijhwduy. Xnshj ymj ybt tujwfyntsx fwj nsajwxjx, ijhwduynsl fs jshwduyji rjxxflj wjyzwsx ymj twnlnsfq rjxxflj. Ymj xrfqq pjd xufhj rjfsx ymfy fs fyyfhpjw hfs ywd fqq xmnkyx fqrtxy nrrjinfyjqd, jajs bmjs ymj rjxxflj nx qtsl.

Xyfynxynhfq fsfqdxnx itjx sty hmfslj ymj gfxnh htshqzxnts. Qjyyjw kwjvzjshd fsi ymj hmn xvzfwj xyfynxynh mjqu wfsp ymj ybjsyd xnc hfsinifyjx. Gnlwfr fsi ywnlwfr htzsyx fii janijshj kwtr htrrts lwtzux xzhm fx ymj, fsi, nsl, ym, fsi mj. Nsijc tk htnshnijshj fsi Xmfssts jsywtud fwj zxjkzq rjfxzwjrjsyx tk f yjcy, gzy f Hfjxfw xmnky tsqd wjqfgjqx xdrgtqx. Htsxjvzjsyqd ymj kwjvzjshd rzqynxjy, ymj nsijc tk htnshnijshj, fsi ymj qjyyjw jsywtud xyfd ymj xfrj fkyjw jshwduynts.

Ltti jcujwnrjsyx xmtzqi inxynslznxm fs jcfruqj kwtr f rjfxzwji wjxzqy. Ktw jajwd xjqjhyji qjslym, hmttxj f wjuwtizhngqj wfsitr kwflrjsy, hmttxj f wfsitr pjd, jshwduy ny, wzs ymj fzytrfynh hwfhpjw bnymtzy wjajfqnsl ymj pjd, fsi htrufwj ymj uwjinhyji pjd bnym ymj ywzj pjd. Wjujfynsl ymnx uwthjxx xmtbx mtb xmtwy rjxxfljx hfs gj frgnlztzx bmnqj qtsljw rjxxfljx zxzfqqd uwtanij xywtsljw xyfynxynhfq janijshj. Wjhtwinsl ynrj fqtslxnij fhhzwfhd fqxt rfpjx ymj bjfpsjxx tk ymj Hfjxfw pjd xufhj anxngqj.

Knsfqqd, xnruqj xtkybfwj nx jfxnjw yt nsxujhy. Ymj nruqjrjsyfynts zxjx twinsfwd Udymts kzshyntsx, f xrfqq yjxy xznyj, ymj xyfsifwi hxa rtizqj, fsi rfyuqtyqng tsqd ktw hmfwyx. Jajwd tzyuzy hfs gj wjljsjwfyji kwtr ymj htrrfsi qnsj. Ymnx rfpjx ymj uwtojhy xznyfgqj ktw f zsnajwxnyd uwjxjsyfynts fgtzy rtizqfw fwnymrjynh, nsajwxj kzshyntsx, xyfynxynhfq xhtwnsl, jcujwnrjsyfq ijxnls, fsi ymj qnrnyx tk hqfxxnhfq hwduytlwfumd.
"
1,21309.894298027742,0,"Qexliqexmgw kmziw yw e tvigmwi perkyeki jsv hiwgvmfmrk texxivrw, stivexmsrw, erh xverwjsvqexmsrw. E wqepp ibtivmqirx ger gsrrigx er efwxvegx jsvqype xs er sfwivzefpi viwypx. Mr e gpewwmgep gmtliv, iegl pixxiv mw vitviwirxih fc e ryqfiv erh e oic qsziw xlex ryqfiv evsyrh e gmvgypev eptlefix. Xli Geiwev gmtliv mw wmqtpi irsykl xs ibtpemr gsqtpixipc, cix mx wlsaw mqtsvxerx mhiew efsyx qshypev evmxlqixmg, mrzivwi jyrgxmsrw, wievgl wtegiw, erh wxexmwxmgep izmhirgi.

Alir e qiwweki mw psrk irsykl, xli hmwxvmfyxmsr sj pixxivw gsrxemrw gpyiw efsyx xli perkyeki sj xli svmkmrep xibx. E wlmjx glerkiw xli pefipw sj xli pixxivw, fyx mx hsiw rsx glerki lsa qerc wcqfspw sggyv. Xlmw qeoiw xli gmtliv ywijyp jsv e gpewwvssq ibtivmqirx: fvyxi jsvgi ger xiwx izivc tswwmfpi oic, glm wuyevi ger gsqtevi e gerhmhexi amxl Irkpmwl jviuyirgmiw, erh r kveqw ger tvszmhi ersxliv zmia sj xli weqi higmwmsr. Xli ibtivmqirx wlsyph vigsvh fsxl gsvvigx higmwmsrw erh vyrrmrk xmqi ws xlex gsrgpywmsrw evi fewih sr hexe.

Gpiev hsgyqirxexmsr mw tevx sj e kssh wgmirxmjmg tvskveq. Ai wxexi xli jsvqype, mqtpiqirx mx hmvigxpc, xiwx ihki gewiw, oiit verhsq ibtivmqirxw vitvshygmfpi amxl e wiih, erh wezi viwypxw mr svhmrevc GWZ jmpiw. Xli ksep mw rsx xs qeoi e gsqtpib wcwxiq. Xli ksep mw xs yrhivwxerh alc e oic wtegi sj srpc xairxc wmb tswwmfmpmxmiw mw rsx wyjjmgmirx jsv wigyvmxc, erh xs qiewyvi lsa xibx pirkxl ejjigxw e wxexmwxmgep kyiww.

Xli weqi qixlsh ger fi ibtpemrih mr e vitsvx. Jmvwx, ewwmkr E xlvsykl D xli ryqfivw divs xlvsykl xairxc jmzi. Xlir ehh xli oic qshyps xairxc wmb xs irgvctx erh wyfxvegx xli oic qshyps xairxc wmb xs higvctx. Wmrgi xli xas stivexmsrw evi mrzivwiw, higvctxmrk er irgvctxih qiwweki vixyvrw xli svmkmrep qiwweki. Xli wqepp oic wtegi qierw xlex er exxegoiv ger xvc epp wlmjxw epqswx mqqihmexipc, izir alir xli qiwweki mw psrk.

Wxexmwxmgep erepcwmw hsiw rsx glerki xli fewmg gsrgpywmsr. Pixxiv jviuyirgc erh xli glm wuyevi wxexmwxmg lipt vero xli xairxc wmb gerhmhexiw. Fmkveq erh xvmkveq gsyrxw ehh izmhirgi jvsq gsqqsr kvsytw wygl ew xli, erh, mrk, xl, erh li. Mrhib sj gsmrgmhirgi erh Wlerrsr irxvstc evi ywijyp qiewyviqirxw sj e xibx, fyx e Geiwev wlmjx srpc vipefipw wcqfspw. Gsrwiuyirxpc xli jviuyirgc qypxmwix, xli mrhib sj gsmrgmhirgi, erh xli pixxiv irxvstc wxec xli weqi ejxiv irgvctxmsr.

Kssh ibtivmqirxw wlsyph hmwxmrkymwl er ibeqtpi jvsq e qiewyvih viwypx. Jsv izivc wipigxih pirkxl, glsswi e vitvshygmfpi verhsq jvekqirx, glsswi e verhsq oic, irgvctx mx, vyr xli eyxsqexmg gvegoiv amxlsyx viziepmrk xli oic, erh gsqtevi xli tvihmgxih oic amxl xli xvyi oic. Vitiexmrk xlmw tvsgiww wlsaw lsa wlsvx qiwwekiw ger fi eqfmkysyw almpi psrkiv qiwwekiw ywyeppc tvszmhi wxvsrkiv wxexmwxmgep izmhirgi. Vigsvhmrk xmqi epsrkwmhi eggyvegc epws qeoiw xli aieoriww sj xli Geiwev oic wtegi zmwmfpi.

Jmreppc, wmqtpi wsjxaevi mw iewmiv xs mrwtigx. Xli mqtpiqirxexmsr ywiw svhmrevc Tcxlsr jyrgxmsrw, e wqepp xiwx wymxi, xli wxerhevh gwz qshypi, erh qextpsxpmf srpc jsv glevxw. Izivc syxtyx ger fi vikirivexih jvsq xli gsqqerh pmri. Xlmw qeoiw xli tvsnigx wymxefpi jsv e yrmzivwmxc tviwirxexmsr efsyx qshypev evmxlqixmg, mrzivwi jyrgxmsrw, wxexmwxmgep wgsvmrk, ibtivmqirxep hiwmkr, erh xli pmqmxw sj gpewwmgep gvctxskvetlc.
"
2,19327.89540220804,0,"Pdwkhpdwlfv jlyhv xv d suhflvh odqjxdjh iru ghvfulelqj sdwwhuqv, rshudwlrqv, dqg wudqvirupdwlrqv. D vpdoo hashulphqw fdq frqqhfw dq devwudfw irupxod wr dq revhuydeoh uhvxow. Lq d fodvvlfdo flskhu, hdfk ohwwhu lv uhsuhvhqwhg eb d qxpehu dqg d nhb pryhv wkdw qxpehu durxqg d flufxodu doskdehw. Wkh Fdhvdu flskhu lv vlpsoh hqrxjk wr hasodlq frpsohwhob, bhw lw vkrzv lpsruwdqw lghdv derxw prgxodu dulwkphwlf, lqyhuvh ixqfwlrqv, vhdufk vsdfhv, dqg vwdwlvwlfdo hylghqfh.

Zkhq d phvvdjh lv orqj hqrxjk, wkh glvwulexwlrq ri ohwwhuv frqwdlqv foxhv derxw wkh odqjxdjh ri wkh ruljlqdo whaw. D vkliw fkdqjhv wkh odehov ri wkh ohwwhuv, exw lw grhv qrw fkdqjh krz pdqb vbperov rffxu. Wklv pdnhv wkh flskhu xvhixo iru d fodvvurrp hashulphqw: euxwh irufh fdq whvw hyhub srvvleoh nhb, fkl vtxduh fdq frpsduh d fdqglgdwh zlwk Hqjolvk iuhtxhqflhv, dqg q judpv fdq surylgh dqrwkhu ylhz ri wkh vdph ghflvlrq. Wkh hashulphqw vkrxog uhfrug erwk fruuhfw ghflvlrqv dqg uxqqlqj wlph vr wkdw frqfoxvlrqv duh edvhg rq gdwd.

Fohdu grfxphqwdwlrq lv sduw ri d jrrg vflhqwlilf surjudp. Zh vwdwh wkh irupxod, lpsohphqw lw gluhfwob, whvw hgjh fdvhv, nhhs udqgrp hashulphqwv uhsurgxfleoh zlwk d vhhg, dqg vdyh uhvxowv lq ruglqdub FVY ilohv. Wkh jrdo lv qrw wr pdnh d frpsoha vbvwhp. Wkh jrdo lv wr xqghuvwdqg zkb d nhb vsdfh ri rqob wzhqwb vla srvvlelolwlhv lv qrw vxiilflhqw iru vhfxulwb, dqg wr phdvxuh krz whaw ohqjwk diihfwv d vwdwlvwlfdo jxhvv.

Wkh vdph phwkrg fdq eh hasodlqhg lq d uhsruw. Iluvw, dvvljq D wkurxjk C wkh qxpehuv chur wkurxjk wzhqwb ilyh. Wkhq dgg wkh nhb prgxor wzhqwb vla wr hqfubsw dqg vxewudfw wkh nhb prgxor wzhqwb vla wr ghfubsw. Vlqfh wkh wzr rshudwlrqv duh lqyhuvhv, ghfubswlqj dq hqfubswhg phvvdjh uhwxuqv wkh ruljlqdo phvvdjh. Wkh vpdoo nhb vsdfh phdqv wkdw dq dwwdfnhu fdq wub doo vkliwv doprvw lpphgldwhob, hyhq zkhq wkh phvvdjh lv orqj.

Vwdwlvwlfdo dqdobvlv grhv qrw fkdqjh wkh edvlf frqfoxvlrq. Ohwwhu iuhtxhqfb dqg wkh fkl vtxduh vwdwlvwlf khos udqn wkh wzhqwb vla fdqglgdwhv. Eljudp dqg wuljudp frxqwv dgg hylghqfh iurp frpprq jurxsv vxfk dv wkh, dqg, lqj, wk, dqg kh. Lqgha ri frlqflghqfh dqg Vkdqqrq hqwursb duh xvhixo phdvxuhphqwv ri d whaw, exw d Fdhvdu vkliw rqob uhodehov vbperov. Frqvhtxhqwob wkh iuhtxhqfb pxowlvhw, wkh lqgha ri frlqflghqfh, dqg wkh ohwwhu hqwursb vwdb wkh vdph diwhu hqfubswlrq.

Jrrg hashulphqwv vkrxog glvwlqjxlvk dq hadpsoh iurp d phdvxuhg uhvxow. Iru hyhub vhohfwhg ohqjwk, fkrrvh d uhsurgxfleoh udqgrp iudjphqw, fkrrvh d udqgrp nhb, hqfubsw lw, uxq wkh dxwrpdwlf fudfnhu zlwkrxw uhyhdolqj wkh nhb, dqg frpsduh wkh suhglfwhg nhb zlwk wkh wuxh nhb. Uhshdwlqj wklv surfhvv vkrzv krz vkruw phvvdjhv fdq eh dpeljxrxv zkloh orqjhu phvvdjhv xvxdoob surylgh vwurqjhu vwdwlvwlfdo hylghqfh. Uhfruglqj wlph dorqjvlgh dffxudfb dovr pdnhv wkh zhdnqhvv ri wkh Fdhvdu nhb vsdfh ylvleoh.

Ilqdoob, vlpsoh vriwzduh lv hdvlhu wr lqvshfw. Wkh lpsohphqwdwlrq xvhv ruglqdub Sbwkrq ixqfwlrqv, d vpdoo whvw vxlwh, wkh vwdqgdug fvy prgxoh, dqg pdwsorwole rqob iru fkduwv. Hyhub rxwsxw fdq eh uhjhqhudwhg iurp wkh frppdqg olqh. Wklv pdnhv wkh surmhfw vxlwdeoh iru d xqlyhuvlwb suhvhqwdwlrq derxw prgxodu dulwkphwlf, lqyhuvh ixqfwlrqv, vwdwlvwlfdo vfrulqj, hashulphqwdo ghvljq, dqg wkh olplwv ri fodvvlfdo fubswrjudskb.
"
3,19343.10271797916,0,"Ocvjgocvkeu ikxgu wu c rtgekug ncpiwcig hqt fguetkdkpi rcvvgtpu, qrgtcvkqpu, cpf vtcpuhqtocvkqpu. C uocnn gzrgtkogpv ecp eqppgev cp cduvtcev hqtownc vq cp qdugtxcdng tguwnv. Kp c encuukecn ekrjgt, gcej ngvvgt ku tgrtgugpvgf da c pwodgt cpf c mga oqxgu vjcv pwodgt ctqwpf c ektewnct cnrjcdgv. Vjg Ecguct ekrjgt ku ukorng gpqwij vq gzrnckp eqorngvgna, agv kv ujqyu korqtvcpv kfgcu cdqwv oqfwnct ctkvjogvke, kpxgtug hwpevkqpu, ugctej urcegu, cpf uvcvkuvkecn gxkfgpeg.

Yjgp c oguucig ku nqpi gpqwij, vjg fkuvtkdwvkqp qh ngvvgtu eqpvckpu enwgu cdqwv vjg ncpiwcig qh vjg qtkikpcn vgzv. C ujkhv ejcpigu vjg ncdgnu qh vjg ngvvgtu, dwv kv fqgu pqv ejcpig jqy ocpa uaodqnu qeewt. Vjku ocmgu vjg ekrjgt wughwn hqt c encuutqqo gzrgtkogpv: dtwvg hqteg ecp vguv gxgta rquukdng mga, ejk uswctg ecp eqorctg c ecpfkfcvg ykvj Gpinkuj htgswgpekgu, cpf p itcou ecp rtqxkfg cpqvjgt xkgy qh vjg ucog fgekukqp. Vjg gzrgtkogpv ujqwnf tgeqtf dqvj eqttgev fgekukqpu cpf twppkpi vkog uq vjcv eqpenwukqpu ctg dcugf qp fcvc.

Engct fqewogpvcvkqp ku rctv qh c iqqf uekgpvkhke rtqitco. Yg uvcvg vjg hqtownc, korngogpv kv fktgevna, vguv gfig ecugu, mggr tcpfqo gzrgtkogpvu tgrtqfwekdng ykvj c uggf, cpf ucxg tguwnvu kp qtfkpcta EUX hkngu. Vjg iqcn ku pqv vq ocmg c eqorngz uauvgo. Vjg iqcn ku vq wpfgtuvcpf yja c mga urceg qh qpna vygpva ukz rquukdknkvkgu ku pqv uwhhkekgpv hqt ugewtkva, cpf vq ogcuwtg jqy vgzv ngpivj chhgevu c uvcvkuvkecn iwguu.

Vjg ucog ogvjqf ecp dg gzrnckpgf kp c tgrqtv. Hktuv, cuukip C vjtqwij B vjg pwodgtu bgtq vjtqwij vygpva hkxg. Vjgp cff vjg mga oqfwnq vygpva ukz vq gpetarv cpf uwdvtcev vjg mga oqfwnq vygpva ukz vq fgetarv. Ukpeg vjg vyq qrgtcvkqpu ctg kpxgtugu, fgetarvkpi cp gpetarvgf oguucig tgvwtpu vjg qtkikpcn oguucig. Vjg uocnn mga urceg ogcpu vjcv cp cvvcemgt ecp vta cnn ujkhvu cnoquv koogfkcvgna, gxgp yjgp vjg oguucig ku nqpi.

Uvcvkuvkecn cpcnauku fqgu pqv ejcpig vjg dcuke eqpenwukqp. Ngvvgt htgswgpea cpf vjg ejk uswctg uvcvkuvke jgnr tcpm vjg vygpva ukz ecpfkfcvgu. Dkitco cpf vtkitco eqwpvu cff gxkfgpeg htqo eqooqp itqwru uwej cu vjg, cpf, kpi, vj, cpf jg. Kpfgz qh eqkpekfgpeg cpf Ujcppqp gpvtqra ctg wughwn ogcuwtgogpvu qh c vgzv, dwv c Ecguct ujkhv qpna tgncdgnu uaodqnu. Eqpugswgpvna vjg htgswgpea ownvkugv, vjg kpfgz qh eqkpekfgpeg, cpf vjg ngvvgt gpvtqra uvca vjg ucog chvgt gpetarvkqp.

Iqqf gzrgtkogpvu ujqwnf fkuvkpiwkuj cp gzcorng htqo c ogcuwtgf tguwnv. Hqt gxgta ugngevgf ngpivj, ejqqug c tgrtqfwekdng tcpfqo htciogpv, ejqqug c tcpfqo mga, gpetarv kv, twp vjg cwvqocvke etcemgt ykvjqwv tgxgcnkpi vjg mga, cpf eqorctg vjg rtgfkevgf mga ykvj vjg vtwg mga. Tgrgcvkpi vjku rtqeguu ujqyu jqy ujqtv oguucigu ecp dg codkiwqwu yjkng nqpigt oguucigu wuwcnna rtqxkfg uvtqpigt uvcvkuvkecn gxkfgpeg. Tgeqtfkpi vkog cnqpiukfg ceewtcea cnuq ocmgu vjg ygcmpguu qh vjg Ecguct mga urceg xkukdng.

Hkpcnna, ukorng uqhvyctg ku gcukgt vq kpurgev. Vjg korngogpvcvkqp wugu qtfkpcta Ravjqp hwpevkqpu, c uocnn vguv uwkvg, vjg uvcpfctf eux oqfwng, cpf ocvrnqvnkd qpna hqt ejctvu. Gxgta qwvrwv ecp dg tgigpgtcvgf htqo vjg eqoocpf nkpg. Vjku ocmgu vjg rtqlgev uwkvcdng hqt c wpkxgtukva rtgugpvcvkqp cdqwv oqfwnct ctkvjogvke, kpxgtug hwpevkqpu, uvcvkuvkecn ueqtkpi, gzrgtkogpvcn fgukip, cpf vjg nkokvu qh encuukecn etarvqitcrja.
"
4,14056.989825244986,0,"Nbuifnbujdt hjwft vt b qsfdjtf mbohvbhf gps eftdsjcjoh qbuufsot, pqfsbujpot, boe usbotgpsnbujpot. B tnbmm fyqfsjnfou dbo dpoofdu bo bctusbdu gpsnvmb up bo pctfswbcmf sftvmu. Jo b dmbttjdbm djqifs, fbdi mfuufs jt sfqsftfoufe cz b ovncfs boe b lfz npwft uibu ovncfs bspvoe b djsdvmbs bmqibcfu. Uif Dbftbs djqifs jt tjnqmf fopvhi up fyqmbjo dpnqmfufmz, zfu ju tipxt jnqpsubou jefbt bcpvu npevmbs bsjuinfujd, jowfstf gvodujpot, tfbsdi tqbdft, boe tubujtujdbm fwjefodf.

Xifo b nfttbhf jt mpoh fopvhi, uif ejtusjcvujpo pg mfuufst dpoubjot dmvft bcpvu uif mbohvbhf pg uif psjhjobm ufyu. B tijgu dibohft uif mbcfmt pg uif mfuufst, cvu ju epft opu dibohf ipx nboz tzncpmt pddvs. Uijt nblft uif djqifs vtfgvm gps b dmbttsppn fyqfsjnfou: csvuf gpsdf dbo uftu fwfsz qpttjcmf lfz, dij trvbsf dbo dpnqbsf b dboejebuf xjui Fohmjti gsfrvfodjft, boe o hsbnt dbo qspwjef bopuifs wjfx pg uif tbnf efdjtjpo. Uif fyqfsjnfou tipvme sfdpse cpui dpssfdu efdjtjpot boe svoojoh ujnf tp uibu dpodmvtjpot bsf cbtfe po ebub.

Dmfbs epdvnfoubujpo jt qbsu pg b hppe tdjfoujgjd qsphsbn. Xf tubuf uif gpsnvmb, jnqmfnfou ju ejsfdumz, uftu fehf dbtft, lffq sboepn fyqfsjnfout sfqspevdjcmf xjui b tffe, boe tbwf sftvmut jo psejobsz DTW gjmft. Uif hpbm jt opu up nblf b dpnqmfy tztufn. Uif hpbm jt up voefstuboe xiz b lfz tqbdf pg pomz uxfouz tjy qpttjcjmjujft jt opu tvggjdjfou gps tfdvsjuz, boe up nfbtvsf ipx ufyu mfohui bggfdut b tubujtujdbm hvftt.

Uif tbnf nfuipe dbo cf fyqmbjofe jo b sfqpsu. Gjstu, bttjho B uispvhi A uif ovncfst afsp uispvhi uxfouz gjwf. Uifo bee uif lfz npevmp uxfouz tjy up fodszqu boe tvcusbdu uif lfz npevmp uxfouz tjy up efdszqu. Tjodf uif uxp pqfsbujpot bsf jowfstft, efdszqujoh bo fodszqufe nfttbhf sfuvsot uif psjhjobm nfttbhf. Uif tnbmm lfz tqbdf nfbot uibu bo buubdlfs dbo usz bmm tijgut bmnptu jnnfejbufmz, fwfo xifo uif nfttbhf jt mpoh.

Tubujtujdbm bobmztjt epft opu dibohf uif cbtjd dpodmvtjpo. Mfuufs gsfrvfodz boe uif dij trvbsf tubujtujd ifmq sbol uif uxfouz tjy dboejebuft. Cjhsbn boe usjhsbn dpvout bee fwjefodf gspn dpnnpo hspvqt tvdi bt uif, boe, joh, ui, boe if. Joefy pg dpjodjefodf boe Tiboopo fouspqz bsf vtfgvm nfbtvsfnfout pg b ufyu, cvu b Dbftbs tijgu pomz sfmbcfmt tzncpmt. Dpotfrvfoumz uif gsfrvfodz nvmujtfu, uif joefy pg dpjodjefodf, boe uif mfuufs fouspqz tubz uif tbnf bgufs fodszqujpo.

Hppe fyqfsjnfout tipvme ejtujohvjti bo fybnqmf gspn b nfbtvsfe sftvmu. Gps fwfsz tfmfdufe mfohui, dipptf b sfqspevdjcmf sboepn gsbhnfou, dipptf b sboepn lfz, fodszqu ju, svo uif bvupnbujd dsbdlfs xjuipvu sfwfbmjoh uif lfz, boe dpnqbsf uif qsfejdufe lfz xjui uif usvf lfz. Sfqfbujoh uijt qspdftt tipxt ipx tipsu nfttbhft dbo cf bncjhvpvt xijmf mpohfs nfttbhft vtvbmmz qspwjef tuspohfs tubujtujdbm fwjefodf. Sfdpsejoh ujnf bmpohtjef bddvsbdz bmtp nblft uif xfbloftt pg uif Dbftbs lfz tqbdf wjtjcmf.

Gjobmmz, tjnqmf tpguxbsf jt fbtjfs up jotqfdu. Uif jnqmfnfoubujpo vtft psejobsz Qzuipo gvodujpot, b tnbmm uftu tvjuf, uif tuboebse dtw npevmf, boe nbuqmpumjc pomz gps dibsut. Fwfsz pvuqvu dbo cf sfhfofsbufe gspn uif dpnnboe mjof. Uijt nblft uif qspkfdu tvjubcmf gps b vojwfstjuz qsftfoubujpo bcpvu npevmbs bsjuinfujd, jowfstf gvodujpot, tubujtujdbm tdpsjoh, fyqfsjnfoubm eftjho, boe uif mjnjut pg dmbttjdbm dszquphsbqiz.
"
5,191.84669983545257,1,"Mathematics gives us a precise language for describing patterns, operations, and transformations. A small experiment can connect an abstract formula to an observable result. In a classical cipher, each letter is represented by a number and a key moves that number around a circular alphabet. The Caesar cipher is simple enough to explain completely, yet it shows important ideas about modular arithmetic, inverse functions, search spaces, and statistical evidence.

When a message is long enough, the distribution of letters contains clues about the language of the original text. A shift changes the labels of the letters, but it does not change how many symbols occur. This makes the cipher useful for a classroom experiment: brute force can test every possible key, chi square can compare a candidate with English frequencies, and n grams can provide another view of the same decision. The experiment should record both correct decisions and running time so that conclusions are based on data.

Clear documentation is part of a good scientific program. We state the formula, implement it directly, test edge cases, keep random experiments reproducible with a seed, and save results in ordinary CSV files. The goal is not to make a complex system. The goal is to understand why a key space of only twenty six possibilities is not sufficient for security, and to measure how text length affects a statistical guess.

The same method can be explained in a report. First, assign A through Z the numbers zero through twenty five. Then add the key modulo twenty six to encrypt and subtract the key modulo twenty six to decrypt. Since the two operations are inverses, decrypting an encrypted message returns the original message. The small key space means that an attacker can try all shifts almost immediately, even when the message is long.

Statistical analysis does not change the basic conclusion. Letter frequency and the chi square statistic help rank the twenty six candidates. Bigram and trigram counts add evidence from common groups such as the, and, ing, th, and he. Index of coincidence and Shannon entropy are useful measurements of a text, but a Caesar shift only relabels symbols. Consequently the frequency multiset, the index of coincidence, and the letter entropy stay the same after encryption.

Good experiments should distinguish an example from a measured result. For every selected length, choose a reproducible random fragment, choose a random key, encrypt it, run the automatic cracker without revealing the key, and compare the predicted key with the true key. Repeating this process shows how short messages can be ambiguous while longer messages usually provide stronger statistical evidence. Recording time alongside accuracy also makes the weakness of the Caesar key space visible.

Finally, simple software is easier to inspect. The implementation uses ordinary Python functions, a small test suite, the standard csv module, and matplotlib only for charts. Every output can be regenerated from the command line. This makes the project suitable for a university presentation about modular arithmetic, inverse functions, statistical scoring, experimental design, and the limits of classical cryptography.
"
6,38168.98842771585,0,"Lzsgdlzshbr fhudr tr z oqdbhrd kzmftzfd enq cdrbqhahmf ozssdqmr, nodqzshnmr, zmc sqzmrenqlzshnmr. Z rlzkk dwodqhldms bzm bnmmdbs zm zarsqzbs enqltkz sn zm nardquzakd qdrtks. Hm z bkzrrhbzk bhogdq, dzbg kdssdq hr qdoqdrdmsdc ax z mtladq zmc z jdx lnudr sgzs mtladq zqntmc z bhqbtkzq zkogzads. Sgd Bzdrzq bhogdq hr rhlokd dmntfg sn dwokzhm bnlokdsdkx, xds hs rgnvr hlonqszms hcdzr zants lnctkzq zqhsgldshb, hmudqrd etmbshnmr, rdzqbg rozbdr, zmc rszshrshbzk duhcdmbd.

Vgdm z ldrrzfd hr knmf dmntfg, sgd chrsqhatshnm ne kdssdqr bnmszhmr bktdr zants sgd kzmftzfd ne sgd nqhfhmzk sdws. Z rghes bgzmfdr sgd kzadkr ne sgd kdssdqr, ats hs cndr mns bgzmfd gnv lzmx rxlankr nbbtq. Sghr lzjdr sgd bhogdq trdetk enq z bkzrrqnnl dwodqhldms: aqtsd enqbd bzm sdrs dudqx onrrhakd jdx, bgh rptzqd bzm bnlozqd z bzmchczsd vhsg Dmfkhrg eqdptdmbhdr, zmc m fqzlr bzm oqnuhcd zmnsgdq uhdv ne sgd rzld cdbhrhnm. Sgd dwodqhldms rgntkc qdbnqc ansg bnqqdbs cdbhrhnmr zmc qtmmhmf shld rn sgzs bnmbktrhnmr zqd azrdc nm czsz.

Bkdzq cnbtldmszshnm hr ozqs ne z fnnc rbhdmshehb oqnfqzl. Vd rszsd sgd enqltkz, hlokdldms hs chqdbskx, sdrs dcfd bzrdr, jddo qzmcnl dwodqhldmsr qdoqnctbhakd vhsg z rddc, zmc rzud qdrtksr hm nqchmzqx BRU ehkdr. Sgd fnzk hr mns sn lzjd z bnlokdw rxrsdl. Sgd fnzk hr sn tmcdqrszmc vgx z jdx rozbd ne nmkx svdmsx rhw onrrhahkhshdr hr mns rteehbhdms enq rdbtqhsx, zmc sn ldzrtqd gnv sdws kdmfsg zeedbsr z rszshrshbzk ftdrr.

Sgd rzld ldsgnc bzm ad dwokzhmdc hm z qdonqs. Ehqrs, zrrhfm Z sgqntfg Y sgd mtladqr ydqn sgqntfg svdmsx ehud. Sgdm zcc sgd jdx lnctkn svdmsx rhw sn dmbqxos zmc rtasqzbs sgd jdx lnctkn svdmsx rhw sn cdbqxos. Rhmbd sgd svn nodqzshnmr zqd hmudqrdr, cdbqxoshmf zm dmbqxosdc ldrrzfd qdstqmr sgd nqhfhmzk ldrrzfd. Sgd rlzkk jdx rozbd ldzmr sgzs zm zsszbjdq bzm sqx zkk rghesr zklnrs hlldchzsdkx, dudm vgdm sgd ldrrzfd hr knmf.

Rszshrshbzk zmzkxrhr cndr mns bgzmfd sgd azrhb bnmbktrhnm. Kdssdq eqdptdmbx zmc sgd bgh rptzqd rszshrshb gdko qzmj sgd svdmsx rhw bzmchczsdr. Ahfqzl zmc sqhfqzl bntmsr zcc duhcdmbd eqnl bnllnm fqntor rtbg zr sgd, zmc, hmf, sg, zmc gd. Hmcdw ne bnhmbhcdmbd zmc Rgzmmnm dmsqnox zqd trdetk ldzrtqdldmsr ne z sdws, ats z Bzdrzq rghes nmkx qdkzadkr rxlankr. Bnmrdptdmskx sgd eqdptdmbx ltkshrds, sgd hmcdw ne bnhmbhcdmbd, zmc sgd kdssdq dmsqnox rszx sgd rzld zesdq dmbqxoshnm.

Fnnc dwodqhldmsr rgntkc chrshmfthrg zm dwzlokd eqnl z ldzrtqdc qdrtks. Enq dudqx rdkdbsdc kdmfsg, bgnnrd z qdoqnctbhakd qzmcnl eqzfldms, bgnnrd z qzmcnl jdx, dmbqxos hs, qtm sgd ztsnlzshb bqzbjdq vhsgnts qdudzkhmf sgd jdx, zmc bnlozqd sgd oqdchbsdc jdx vhsg sgd sqtd jdx. Qdodzshmf sghr oqnbdrr rgnvr gnv rgnqs ldrrzfdr bzm ad zlahftntr vghkd knmfdq ldrrzfdr trtzkkx oqnuhcd rsqnmfdq rszshrshbzk duhcdmbd. Qdbnqchmf shld zknmfrhcd zbbtqzbx zkrn lzjdr sgd vdzjmdrr ne sgd Bzdrzq jdx rozbd uhrhakd.

Ehmzkkx, rhlokd rnesvzqd hr dzrhdq sn hmrodbs. Sgd hlokdldmszshnm trdr nqchmzqx Oxsgnm etmbshnmr, z rlzkk sdrs rthsd, sgd rszmczqc bru lnctkd, zmc lzsoknskha nmkx enq bgzqsr. Dudqx ntsots bzm ad qdfdmdqzsdc eqnl sgd bnllzmc khmd. Sghr lzjdr sgd oqnidbs rthszakd enq z tmhudqrhsx oqdrdmszshnm zants lnctkzq zqhsgldshb, hmudqrd etmbshnmr, rszshrshbzk rbnqhmf, dwodqhldmszk cdrhfm, zmc sgd khlhsr ne bkzrrhbzk bqxosnfqzogx.
"
7,24747.41366335942,0,"Kyrfckyrgaq egtcq sq y npcagqc jylesyec dmp bcqapgzgle nyrrcplq, mncpyrgmlq, ylb rpylqdmpkyrgmlq. Y qkyjj cvncpgkclr ayl amllcar yl yzqrpyar dmpksjy rm yl mzqcptyzjc pcqsjr. Gl y ajyqqgayj agnfcp, cyaf jcrrcp gq pcnpcqclrcb zw y lskzcp ylb y icw kmtcq rfyr lskzcp ypmslb y agpasjyp yjnfyzcr. Rfc Aycqyp agnfcp gq qgknjc clmsef rm cvnjygl amknjcrcjw, wcr gr qfmuq gknmprylr gbcyq yzmsr kmbsjyp ypgrfkcrga, gltcpqc dslargmlq, qcypaf qnyacq, ylb qryrgqrgayj ctgbclac.

Ufcl y kcqqyec gq jmle clmsef, rfc bgqrpgzsrgml md jcrrcpq amlryglq ajscq yzmsr rfc jylesyec md rfc mpgeglyj rcvr. Y qfgdr afylecq rfc jyzcjq md rfc jcrrcpq, zsr gr bmcq lmr afylec fmu kylw qwkzmjq maasp. Rfgq kyicq rfc agnfcp sqcdsj dmp y ajyqqpmmk cvncpgkclr: zpsrc dmpac ayl rcqr ctcpw nmqqgzjc icw, afg qosypc ayl amknypc y aylbgbyrc ugrf Clejgqf dpcosclagcq, ylb l epykq ayl npmtgbc ylmrfcp tgcu md rfc qykc bcagqgml. Rfc cvncpgkclr qfmsjb pcampb zmrf amppcar bcagqgmlq ylb psllgle rgkc qm rfyr amlajsqgmlq ypc zyqcb ml byry.

Ajcyp bmaskclryrgml gq nypr md y emmb qagclrgdga npmepyk. Uc qryrc rfc dmpksjy, gknjckclr gr bgpcarjw, rcqr cbec ayqcq, iccn pylbmk cvncpgkclrq pcnpmbsagzjc ugrf y qccb, ylb qytc pcqsjrq gl mpbglypw AQT dgjcq. Rfc emyj gq lmr rm kyic y amknjcv qwqrck. Rfc emyj gq rm slbcpqrylb ufw y icw qnyac md mljw ruclrw qgv nmqqgzgjgrgcq gq lmr qsddgagclr dmp qcaspgrw, ylb rm kcyqspc fmu rcvr jclerf yddcarq y qryrgqrgayj escqq.

Rfc qykc kcrfmb ayl zc cvnjyglcb gl y pcnmpr. Dgpqr, yqqgel Y rfpmsef X rfc lskzcpq xcpm rfpmsef ruclrw dgtc. Rfcl ybb rfc icw kmbsjm ruclrw qgv rm clapwnr ylb qszrpyar rfc icw kmbsjm ruclrw qgv rm bcapwnr. Qglac rfc rum mncpyrgmlq ypc gltcpqcq, bcapwnrgle yl clapwnrcb kcqqyec pcrsplq rfc mpgeglyj kcqqyec. Rfc qkyjj icw qnyac kcylq rfyr yl yrryaicp ayl rpw yjj qfgdrq yjkmqr gkkcbgyrcjw, ctcl ufcl rfc kcqqyec gq jmle.

Qryrgqrgayj ylyjwqgq bmcq lmr afylec rfc zyqga amlajsqgml. Jcrrcp dpcosclaw ylb rfc afg qosypc qryrgqrga fcjn pyli rfc ruclrw qgv aylbgbyrcq. Zgepyk ylb rpgepyk amslrq ybb ctgbclac dpmk amkkml epmsnq qsaf yq rfc, ylb, gle, rf, ylb fc. Glbcv md amglagbclac ylb Qfyllml clrpmnw ypc sqcdsj kcyqspckclrq md y rcvr, zsr y Aycqyp qfgdr mljw pcjyzcjq qwkzmjq. Amlqcosclrjw rfc dpcosclaw ksjrgqcr, rfc glbcv md amglagbclac, ylb rfc jcrrcp clrpmnw qryw rfc qykc ydrcp clapwnrgml.

Emmb cvncpgkclrq qfmsjb bgqrglesgqf yl cvyknjc dpmk y kcyqspcb pcqsjr. Dmp ctcpw qcjcarcb jclerf, afmmqc y pcnpmbsagzjc pylbmk dpyekclr, afmmqc y pylbmk icw, clapwnr gr, psl rfc ysrmkyrga apyaicp ugrfmsr pctcyjgle rfc icw, ylb amknypc rfc npcbgarcb icw ugrf rfc rpsc icw. Pcncyrgle rfgq npmacqq qfmuq fmu qfmpr kcqqyecq ayl zc ykzgesmsq ufgjc jmlecp kcqqyecq sqsyjjw npmtgbc qrpmlecp qryrgqrgayj ctgbclac. Pcampbgle rgkc yjmleqgbc yaaspyaw yjqm kyicq rfc ucyilcqq md rfc Aycqyp icw qnyac tgqgzjc.

Dglyjjw, qgknjc qmdruypc gq cyqgcp rm glqncar. Rfc gknjckclryrgml sqcq mpbglypw Nwrfml dslargmlq, y qkyjj rcqr qsgrc, rfc qrylbypb aqt kmbsjc, ylb kyrnjmrjgz mljw dmp afyprq. Ctcpw msrnsr ayl zc pceclcpyrcb dpmk rfc amkkylb jglc. Rfgq kyicq rfc npmhcar qsgryzjc dmp y slgtcpqgrw npcqclryrgml yzmsr kmbsjyp ypgrfkcrga, gltcpqc dslargmlq, qryrgqrgayj qampgle, cvncpgkclryj bcqgel, ylb rfc jgkgrq md ajyqqgayj apwnrmepynfw.
"
8,51664.977611379625,0,"Jxqebjxqfzp dfsbp rp x mobzfpb ixkdrxdb clo abpzofyfkd mxqqbokp, lmboxqflkp, xka qoxkpclojxqflkp. X pjxii bumbofjbkq zxk zlkkbzq xk xypqoxzq clojrix ql xk lypbosxyib obpriq. Fk x zixppfzxi zfmebo, bxze ibqqbo fp obmobpbkqba yv x krjybo xka x hbv jlsbp qexq krjybo xolrka x zfozrixo ximexybq. Qeb Zxbpxo zfmebo fp pfjmib bklrde ql bumixfk zljmibqbiv, vbq fq peltp fjmloqxkq fabxp xylrq jlarixo xofqejbqfz, fksbopb crkzqflkp, pbxoze pmxzbp, xka pqxqfpqfzxi bsfabkzb.

Tebk x jbppxdb fp ilkd bklrde, qeb afpqofyrqflk lc ibqqbop zlkqxfkp zirbp xylrq qeb ixkdrxdb lc qeb lofdfkxi qbuq. X pefcq zexkdbp qeb ixybip lc qeb ibqqbop, yrq fq albp klq zexkdb elt jxkv pvjylip lzzro. Qefp jxhbp qeb zfmebo rpbcri clo x zixppollj bumbofjbkq: yorqb clozb zxk qbpq bsbov mlppfyib hbv, zef pnrxob zxk zljmxob x zxkafaxqb tfqe Bkdifpe cobnrbkzfbp, xka k doxjp zxk molsfab xklqebo sfbt lc qeb pxjb abzfpflk. Qeb bumbofjbkq pelria obzloa ylqe zloobzq abzfpflkp xka orkkfkd qfjb pl qexq zlkzirpflkp xob yxpba lk axqx.

Zibxo alzrjbkqxqflk fp mxoq lc x dlla pzfbkqfcfz moldoxj. Tb pqxqb qeb clojrix, fjmibjbkq fq afobzqiv, qbpq badb zxpbp, hbbm oxkalj bumbofjbkqp obmolarzfyib tfqe x pbba, xka pxsb obpriqp fk loafkxov ZPS cfibp. Qeb dlxi fp klq ql jxhb x zljmibu pvpqbj. Qeb dlxi fp ql rkabopqxka tev x hbv pmxzb lc lkiv qtbkqv pfu mlppfyfifqfbp fp klq prccfzfbkq clo pbzrofqv, xka ql jbxprob elt qbuq ibkdqe xccbzqp x pqxqfpqfzxi drbpp.

Qeb pxjb jbqela zxk yb bumixfkba fk x obmloq. Cfopq, xppfdk X qeolrde W qeb krjybop wbol qeolrde qtbkqv cfsb. Qebk xaa qeb hbv jlaril qtbkqv pfu ql bkzovmq xka pryqoxzq qeb hbv jlaril qtbkqv pfu ql abzovmq. Pfkzb qeb qtl lmboxqflkp xob fksbopbp, abzovmqfkd xk bkzovmqba jbppxdb obqrokp qeb lofdfkxi jbppxdb. Qeb pjxii hbv pmxzb jbxkp qexq xk xqqxzhbo zxk qov xii pefcqp xijlpq fjjbafxqbiv, bsbk tebk qeb jbppxdb fp ilkd.

Pqxqfpqfzxi xkxivpfp albp klq zexkdb qeb yxpfz zlkzirpflk. Ibqqbo cobnrbkzv xka qeb zef pnrxob pqxqfpqfz ebim oxkh qeb qtbkqv pfu zxkafaxqbp. Yfdoxj xka qofdoxj zlrkqp xaa bsfabkzb colj zljjlk dolrmp prze xp qeb, xka, fkd, qe, xka eb. Fkabu lc zlfkzfabkzb xka Pexkklk bkqolmv xob rpbcri jbxprobjbkqp lc x qbuq, yrq x Zxbpxo pefcq lkiv obixybip pvjylip. Zlkpbnrbkqiv qeb cobnrbkzv jriqfpbq, qeb fkabu lc zlfkzfabkzb, xka qeb ibqqbo bkqolmv pqxv qeb pxjb xcqbo bkzovmqflk.

Dlla bumbofjbkqp pelria afpqfkdrfpe xk buxjmib colj x jbxproba obpriq. Clo bsbov pbibzqba ibkdqe, zellpb x obmolarzfyib oxkalj coxdjbkq, zellpb x oxkalj hbv, bkzovmq fq, ork qeb xrqljxqfz zoxzhbo tfqelrq obsbxifkd qeb hbv, xka zljmxob qeb mobafzqba hbv tfqe qeb qorb hbv. Obmbxqfkd qefp molzbpp peltp elt peloq jbppxdbp zxk yb xjyfdrlrp tefib ilkdbo jbppxdbp rprxiiv molsfab pqolkdbo pqxqfpqfzxi bsfabkzb. Obzloafkd qfjb xilkdpfab xzzroxzv xipl jxhbp qeb tbxhkbpp lc qeb Zxbpxo hbv pmxzb sfpfyib.

Cfkxiiv, pfjmib plcqtxob fp bxpfbo ql fkpmbzq. Qeb fjmibjbkqxqflk rpbp loafkxov Mvqelk crkzqflkp, x pjxii qbpq prfqb, qeb pqxkaxoa zps jlarib, xka jxqmilqify lkiv clo zexoqp. Bsbov lrqmrq zxk yb obdbkboxqba colj qeb zljjxka ifkb. Qefp jxhbp qeb molgbzq prfqxyib clo x rkfsbopfqv mobpbkqxqflk xylrq jlarixo xofqejbqfz, fksbopb crkzqflkp, pqxqfpqfzxi pzlofkd, bumbofjbkqxi abpfdk, xka qeb ifjfqp lc zixppfzxi zovmqldoxmev.
"
9,17353.397536211705,0,"Iwpdaiwpeyo cerao qo w lnayeoa hwjcqwca bkn zaoynexejc lwppanjo, klanwpekjo, wjz pnwjobkniwpekjo. W oiwhh atlaneiajp ywj ykjjayp wj wxopnwyp bkniqhw pk wj kxoanrwxha naoqhp. Ej w yhwooeywh yeldan, awyd happan eo nalnaoajpaz xu w jqixan wjz w gau ikrao pdwp jqixan wnkqjz w yenyqhwn whldwxap. Pda Ywaown yeldan eo oeilha ajkqcd pk atlhwej ykilhapahu, uap ep odkso eilknpwjp ezawo wxkqp ikzqhwn wnepdiapey, ejranoa bqjypekjo, oawnyd olwyao, wjz opwpeopeywh arezajya.

Sdaj w iaoowca eo hkjc ajkqcd, pda zeopnexqpekj kb happano ykjpwejo yhqao wxkqp pda hwjcqwca kb pda knecejwh patp. W odebp ydwjcao pda hwxaho kb pda happano, xqp ep zkao jkp ydwjca dks iwju ouixkho kyyqn. Pdeo iwgao pda yeldan qoabqh bkn w yhwoonkki atlaneiajp: xnqpa bknya ywj paop aranu lkooexha gau, yde omqwna ywj ykilwna w ywjzezwpa sepd Ajcheod bnamqajyeao, wjz j cnwio ywj lnkreza wjkpdan reas kb pda owia zayeoekj. Pda atlaneiajp odkqhz nayknz xkpd yknnayp zayeoekjo wjz nqjjejc peia ok pdwp ykjyhqoekjo wna xwoaz kj zwpw.

Yhawn zkyqiajpwpekj eo lwnp kb w ckkz oyeajpebey lnkcnwi. Sa opwpa pda bkniqhw, eilhaiajp ep zenayphu, paop azca ywoao, gaal nwjzki atlaneiajpo nalnkzqyexha sepd w oaaz, wjz owra naoqhpo ej knzejwnu YOR behao. Pda ckwh eo jkp pk iwga w ykilhat ouopai. Pda ckwh eo pk qjzanopwjz sdu w gau olwya kb kjhu psajpu oet lkooexehepeao eo jkp oqbbeyeajp bkn oayqnepu, wjz pk iawoqna dks patp hajcpd wbbaypo w opwpeopeywh cqaoo.

Pda owia iapdkz ywj xa atlhwejaz ej w nalknp. Benop, wooecj W pdnkqcd V pda jqixano vank pdnkqcd psajpu bera. Pdaj wzz pda gau ikzqhk psajpu oet pk ajynulp wjz oqxpnwyp pda gau ikzqhk psajpu oet pk zaynulp. Oejya pda psk klanwpekjo wna ejranoao, zaynulpejc wj ajynulpaz iaoowca napqnjo pda knecejwh iaoowca. Pda oiwhh gau olwya iawjo pdwp wj wppwygan ywj pnu whh odebpo whikop eiiazewpahu, araj sdaj pda iaoowca eo hkjc.

Opwpeopeywh wjwhuoeo zkao jkp ydwjca pda xwoey ykjyhqoekj. Happan bnamqajyu wjz pda yde omqwna opwpeopey dahl nwjg pda psajpu oet ywjzezwpao. Xecnwi wjz pnecnwi ykqjpo wzz arezajya bnki ykiikj cnkqlo oqyd wo pda, wjz, ejc, pd, wjz da. Ejzat kb ykejyezajya wjz Odwjjkj ajpnklu wna qoabqh iawoqnaiajpo kb w patp, xqp w Ywaown odebp kjhu nahwxaho ouixkho. Ykjoamqajphu pda bnamqajyu iqhpeoap, pda ejzat kb ykejyezajya, wjz pda happan ajpnklu opwu pda owia wbpan ajynulpekj.

Ckkz atlaneiajpo odkqhz zeopejcqeod wj atwilha bnki w iawoqnaz naoqhp. Bkn aranu oahaypaz hajcpd, ydkkoa w nalnkzqyexha nwjzki bnwciajp, ydkkoa w nwjzki gau, ajynulp ep, nqj pda wqpkiwpey ynwygan sepdkqp narawhejc pda gau, wjz ykilwna pda lnazeypaz gau sepd pda pnqa gau. Nalawpejc pdeo lnkyaoo odkso dks odknp iaoowcao ywj xa wixecqkqo sdeha hkjcan iaoowcao qoqwhhu lnkreza opnkjcan opwpeopeywh arezajya. Nayknzejc peia whkjcoeza wyyqnwyu whok iwgao pda sawgjaoo kb pda Ywaown gau olwya reoexha.

Bejwhhu, oeilha okbpswna eo awoean pk ejolayp. Pda eilhaiajpwpekj qoao knzejwnu Lupdkj bqjypekjo, w oiwhh paop oqepa, pda opwjzwnz yor ikzqha, wjz iwplhkphex kjhu bkn ydwnpo. Aranu kqplqp ywj xa nacajanwpaz bnki pda ykiiwjz heja. Pdeo iwgao pda lnkfayp oqepwxha bkn w qjeranoepu lnaoajpwpekj wxkqp ikzqhwn wnepdiapey, ejranoa bqjypekjo, opwpeopeywh oyknejc, atlaneiajpwh zaoecj, wjz pda heiepo kb yhwooeywh ynulpkcnwldu.
"
10,72453.74883497701,0,"Hvoczhvodxn bdqzn pn v kmzxdnz gvibpvbz ajm yznxmdwdib kvoozmin, jkzmvodjin, viy omvinajmhvodjin. V nhvgg zskzmdhzio xvi xjiizxo vi vwnomvxo ajmhpgv oj vi jwnzmqvwgz mznpgo. Di v xgvnndxvg xdkczm, zvxc gzoozm dn mzkmznziozy wt v iphwzm viy v fzt hjqzn ocvo iphwzm vmjpiy v xdmxpgvm vgkcvwzo. Ocz Xvznvm xdkczm dn ndhkgz zijpbc oj zskgvdi xjhkgzozgt, tzo do ncjrn dhkjmovio dyzvn vwjpo hjypgvm vmdochzodx, diqzmnz apixodjin, nzvmxc nkvxzn, viy novodnodxvg zqdyzixz.

Rczi v hznnvbz dn gjib zijpbc, ocz ydnomdwpodji ja gzoozmn xjiovdin xgpzn vwjpo ocz gvibpvbz ja ocz jmdbdivg ozso. V ncdao xcvibzn ocz gvwzgn ja ocz gzoozmn, wpo do yjzn ijo xcvibz cjr hvit nthwjgn jxxpm. Ocdn hvfzn ocz xdkczm pnzapg ajm v xgvnnmjjh zskzmdhzio: wmpoz ajmxz xvi ozno zqzmt kjnndwgz fzt, xcd nlpvmz xvi xjhkvmz v xviydyvoz rdoc Zibgdnc amzlpzixdzn, viy i bmvhn xvi kmjqdyz vijoczm qdzr ja ocz nvhz yzxdndji. Ocz zskzmdhzio ncjpgy mzxjmy wjoc xjmmzxo yzxdndjin viy mpiidib odhz nj ocvo xjixgpndjin vmz wvnzy ji yvov.

Xgzvm yjxphziovodji dn kvmo ja v bjjy nxdziodadx kmjbmvh. Rz novoz ocz ajmhpgv, dhkgzhzio do ydmzxogt, ozno zybz xvnzn, fzzk mviyjh zskzmdhzion mzkmjypxdwgz rdoc v nzzy, viy nvqz mznpgon di jmydivmt XNQ adgzn. Ocz bjvg dn ijo oj hvfz v xjhkgzs ntnozh. Ocz bjvg dn oj piyzmnoviy rct v fzt nkvxz ja jigt orziot nds kjnndwdgdodzn dn ijo npaadxdzio ajm nzxpmdot, viy oj hzvnpmz cjr ozso gziboc vaazxon v novodnodxvg bpznn.

Ocz nvhz hzocjy xvi wz zskgvdizy di v mzkjmo. Admno, vnndbi V ocmjpbc U ocz iphwzmn uzmj ocmjpbc orziot adqz. Oczi vyy ocz fzt hjypgj orziot nds oj zixmtko viy npwomvxo ocz fzt hjypgj orziot nds oj yzxmtko. Ndixz ocz orj jkzmvodjin vmz diqzmnzn, yzxmtkodib vi zixmtkozy hznnvbz mzopmin ocz jmdbdivg hznnvbz. Ocz nhvgg fzt nkvxz hzvin ocvo vi voovxfzm xvi omt vgg ncdaon vghjno dhhzydvozgt, zqzi rczi ocz hznnvbz dn gjib.

Novodnodxvg vivgtndn yjzn ijo xcvibz ocz wvndx xjixgpndji. Gzoozm amzlpzixt viy ocz xcd nlpvmz novodnodx czgk mvif ocz orziot nds xviydyvozn. Wdbmvh viy omdbmvh xjpion vyy zqdyzixz amjh xjhhji bmjpkn npxc vn ocz, viy, dib, oc, viy cz. Diyzs ja xjdixdyzixz viy Ncviiji ziomjkt vmz pnzapg hzvnpmzhzion ja v ozso, wpo v Xvznvm ncdao jigt mzgvwzgn nthwjgn. Xjinzlpziogt ocz amzlpzixt hpgodnzo, ocz diyzs ja xjdixdyzixz, viy ocz gzoozm ziomjkt novt ocz nvhz vaozm zixmtkodji.

Bjjy zskzmdhzion ncjpgy ydnodibpdnc vi zsvhkgz amjh v hzvnpmzy mznpgo. Ajm zqzmt nzgzxozy gziboc, xcjjnz v mzkmjypxdwgz mviyjh amvbhzio, xcjjnz v mviyjh fzt, zixmtko do, mpi ocz vpojhvodx xmvxfzm rdocjpo mzqzvgdib ocz fzt, viy xjhkvmz ocz kmzydxozy fzt rdoc ocz ompz fzt. Mzkzvodib ocdn kmjxznn ncjrn cjr ncjmo hznnvbzn xvi wz vhwdbpjpn rcdgz gjibzm hznnvbzn pnpvggt kmjqdyz nomjibzm novodnodxvg zqdyzixz. Mzxjmydib odhz vgjibndyz vxxpmvxt vgnj hvfzn ocz rzvfiznn ja ocz Xvznvm fzt nkvxz qdndwgz.

Adivggt, ndhkgz njaorvmz dn zvndzm oj dinkzxo. Ocz dhkgzhziovodji pnzn jmydivmt Ktocji apixodjin, v nhvgg ozno npdoz, ocz noviyvmy xnq hjypgz, viy hvokgjogdw jigt ajm xcvmon. Zqzmt jpokpo xvi wz mzbzizmvozy amjh ocz xjhhviy gdiz. Ocdn hvfzn ocz kmjezxo npdovwgz ajm v pidqzmndot kmznziovodji vwjpo hjypgvm vmdochzodx, diqzmnz apixodjin, novodnodxvg nxjmdib, zskzmdhziovg yzndbi, viy ocz gdhdon ja xgvnndxvg xmtkojbmvkct.
"
11,7493.7965461956255,0,"Gunbyguncwm acpym om u jlywcmy fuhaouay zil xymwlcvcha junnylhm, ijyluncihm, uhx nluhmzilguncihm. U mguff yrjylcgyhn wuh wihhywn uh uvmnluwn zilgofu ni uh ivmylpuvfy lymofn. Ch u wfummcwuf wcjbyl, yuwb fynnyl cm lyjlymyhnyx vs u hogvyl uhx u eys gipym nbun hogvyl uliohx u wclwoful ufjbuvyn. Nby Wuymul wcjbyl cm mcgjfy yhioab ni yrjfuch wigjfynyfs, syn cn mbiqm cgjilnuhn cxyum uvion gixoful ulcnbgyncw, chpylmy zohwncihm, myulwb mjuwym, uhx mnuncmncwuf ypcxyhwy.

Qbyh u gymmuay cm fiha yhioab, nby xcmnlcvoncih iz fynnylm wihnuchm wfoym uvion nby fuhaouay iz nby ilcachuf nyrn. U mbczn wbuhaym nby fuvyfm iz nby fynnylm, von cn xiym hin wbuhay biq guhs msgvifm iwwol. Nbcm gueym nby wcjbyl omyzof zil u wfummliig yrjylcgyhn: vlony zilwy wuh nymn ypyls jimmcvfy eys, wbc mkouly wuh wigjuly u wuhxcxuny qcnb Yhafcmb zlykoyhwcym, uhx h alugm wuh jlipcxy uhinbyl pcyq iz nby mugy xywcmcih. Nby yrjylcgyhn mbiofx lywilx vinb willywn xywcmcihm uhx lohhcha ncgy mi nbun wihwfomcihm uly vumyx ih xunu.

Wfyul xiwogyhnuncih cm juln iz u aiix mwcyhnczcw jlialug. Qy mnuny nby zilgofu, cgjfygyhn cn xclywnfs, nymn yxay wumym, eyyj luhxig yrjylcgyhnm lyjlixowcvfy qcnb u myyx, uhx mupy lymofnm ch ilxchuls WMP zcfym. Nby aiuf cm hin ni guey u wigjfyr msmnyg. Nby aiuf cm ni ohxylmnuhx qbs u eys mjuwy iz ihfs nqyhns mcr jimmcvcfcncym cm hin mozzcwcyhn zil mywolcns, uhx ni gyumoly biq nyrn fyhanb uzzywnm u mnuncmncwuf aoymm.

Nby mugy gynbix wuh vy yrjfuchyx ch u lyjiln. Zclmn, ummcah U nblioab T nby hogvylm tyli nblioab nqyhns zcpy. Nbyh uxx nby eys gixofi nqyhns mcr ni yhwlsjn uhx movnluwn nby eys gixofi nqyhns mcr ni xywlsjn. Mchwy nby nqi ijyluncihm uly chpylmym, xywlsjncha uh yhwlsjnyx gymmuay lynolhm nby ilcachuf gymmuay. Nby mguff eys mjuwy gyuhm nbun uh unnuweyl wuh nls uff mbcznm ufgimn cggyxcunyfs, ypyh qbyh nby gymmuay cm fiha.

Mnuncmncwuf uhufsmcm xiym hin wbuhay nby vumcw wihwfomcih. Fynnyl zlykoyhws uhx nby wbc mkouly mnuncmncw byfj luhe nby nqyhns mcr wuhxcxunym. Vcalug uhx nlcalug wiohnm uxx ypcxyhwy zlig wiggih aliojm mowb um nby, uhx, cha, nb, uhx by. Chxyr iz wichwcxyhwy uhx Mbuhhih yhnlijs uly omyzof gyumolygyhnm iz u nyrn, von u Wuymul mbczn ihfs lyfuvyfm msgvifm. Wihmykoyhnfs nby zlykoyhws gofncmyn, nby chxyr iz wichwcxyhwy, uhx nby fynnyl yhnlijs mnus nby mugy uznyl yhwlsjncih.

Aiix yrjylcgyhnm mbiofx xcmnchaocmb uh yrugjfy zlig u gyumolyx lymofn. Zil ypyls myfywnyx fyhanb, wbiimy u lyjlixowcvfy luhxig zluagyhn, wbiimy u luhxig eys, yhwlsjn cn, loh nby uoniguncw wluweyl qcnbion lypyufcha nby eys, uhx wigjuly nby jlyxcwnyx eys qcnb nby nloy eys. Lyjyuncha nbcm jliwymm mbiqm biq mbiln gymmuaym wuh vy ugvcaoiom qbcfy fihayl gymmuaym omouffs jlipcxy mnlihayl mnuncmncwuf ypcxyhwy. Lywilxcha ncgy ufihamcxy uwwoluws ufmi gueym nby qyuehymm iz nby Wuymul eys mjuwy pcmcvfy.

Zchuffs, mcgjfy miznquly cm yumcyl ni chmjywn. Nby cgjfygyhnuncih omym ilxchuls Jsnbih zohwncihm, u mguff nymn mocny, nby mnuhxulx wmp gixofy, uhx gunjfinfcv ihfs zil wbulnm. Ypyls ionjon wuh vy lyayhylunyx zlig nby wigguhx fchy. Nbcm gueym nby jlidywn mocnuvfy zil u ohcpylmcns jlymyhnuncih uvion gixoful ulcnbgyncw, chpylmy zohwncihm, mnuncmncwuf mwilcha, yrjylcgyhnuf xymcah, uhx nby fcgcnm iz wfummcwuf wlsjnialujbs.
"
12,34175.82731241308,0,"Ftmaxftmbvl zboxl nl t ikxvblx etgzntzx yhk wxlvkbubgz itmmxkgl, hixktmbhgl, tgw mktglyhkftmbhgl. T lftee xqixkbfxgm vtg vhggxvm tg tulmktvm yhkfnet mh tg hulxkotuex kxlnem. Bg t vetllbvte vbiaxk, xtva exmmxk bl kxikxlxgmxw ur t gnfuxk tgw t dxr fhoxl matm gnfuxk tkhngw t vbkvnetk teiatuxm. Max Vtxltk vbiaxk bl lbfiex xghnza mh xqietbg vhfiexmxer, rxm bm lahpl bfihkmtgm bwxtl tuhnm fhwnetk tkbmafxmbv, bgoxklx yngvmbhgl, lxtkva litvxl, tgw lmtmblmbvte xobwxgvx.

Paxg t fxlltzx bl ehgz xghnza, max wblmkbunmbhg hy exmmxkl vhgmtbgl venxl tuhnm max etgzntzx hy max hkbzbgte mxqm. T labym vatgzxl max etuxel hy max exmmxkl, unm bm whxl ghm vatgzx ahp ftgr lrfuhel hvvnk. Mabl ftdxl max vbiaxk nlxyne yhk t vetllkhhf xqixkbfxgm: uknmx yhkvx vtg mxlm xoxkr ihllbuex dxr, vab ljntkx vtg vhfitkx t vtgwbwtmx pbma Xgzebla ykxjnxgvbxl, tgw g zktfl vtg ikhobwx tghmaxk obxp hy max ltfx wxvblbhg. Max xqixkbfxgm lahnew kxvhkw uhma vhkkxvm wxvblbhgl tgw knggbgz mbfx lh matm vhgvenlbhgl tkx utlxw hg wtmt.

Vextk whvnfxgmtmbhg bl itkm hy t zhhw lvbxgmbybv ikhzktf. Px lmtmx max yhkfnet, bfiexfxgm bm wbkxvmer, mxlm xwzx vtlxl, dxxi ktgwhf xqixkbfxgml kxikhwnvbuex pbma t lxxw, tgw ltox kxlneml bg hkwbgtkr VLO ybexl. Max zhte bl ghm mh ftdx t vhfiexq lrlmxf. Max zhte bl mh ngwxklmtgw par t dxr litvx hy hger mpxgmr lbq ihllbubebmbxl bl ghm lnyybvbxgm yhk lxvnkbmr, tgw mh fxtlnkx ahp mxqm exgzma tyyxvml t lmtmblmbvte znxll.

Max ltfx fxmahw vtg ux xqietbgxw bg t kxihkm. Ybklm, tllbzg T makhnza S max gnfuxkl sxkh makhnza mpxgmr ybox. Maxg tww max dxr fhwneh mpxgmr lbq mh xgvkrim tgw lnumktvm max dxr fhwneh mpxgmr lbq mh wxvkrim. Lbgvx max mph hixktmbhgl tkx bgoxklxl, wxvkrimbgz tg xgvkrimxw fxlltzx kxmnkgl max hkbzbgte fxlltzx. Max lftee dxr litvx fxtgl matm tg tmmtvdxk vtg mkr tee labyml tefhlm bffxwbtmxer, xoxg paxg max fxlltzx bl ehgz.

Lmtmblmbvte tgterlbl whxl ghm vatgzx max utlbv vhgvenlbhg. Exmmxk ykxjnxgvr tgw max vab ljntkx lmtmblmbv axei ktgd max mpxgmr lbq vtgwbwtmxl. Ubzktf tgw mkbzktf vhngml tww xobwxgvx ykhf vhffhg zkhnil lnva tl max, tgw, bgz, ma, tgw ax. Bgwxq hy vhbgvbwxgvx tgw Latgghg xgmkhir tkx nlxyne fxtlnkxfxgml hy t mxqm, unm t Vtxltk labym hger kxetuxel lrfuhel. Vhglxjnxgmer max ykxjnxgvr fnemblxm, max bgwxq hy vhbgvbwxgvx, tgw max exmmxk xgmkhir lmtr max ltfx tymxk xgvkrimbhg.

Zhhw xqixkbfxgml lahnew wblmbgznbla tg xqtfiex ykhf t fxtlnkxw kxlnem. Yhk xoxkr lxexvmxw exgzma, vahhlx t kxikhwnvbuex ktgwhf yktzfxgm, vahhlx t ktgwhf dxr, xgvkrim bm, kng max tnmhftmbv vktvdxk pbmahnm kxoxtebgz max dxr, tgw vhfitkx max ikxwbvmxw dxr pbma max mknx dxr. Kxixtmbgz mabl ikhvxll lahpl ahp lahkm fxlltzxl vtg ux tfubznhnl pabex ehgzxk fxlltzxl nlnteer ikhobwx lmkhgzxk lmtmblmbvte xobwxgvx. Kxvhkwbgz mbfx tehgzlbwx tvvnktvr telh ftdxl max pxtdgxll hy max Vtxltk dxr litvx oblbuex.

Ybgteer, lbfiex lhymptkx bl xtlbxk mh bglixvm. Max bfiexfxgmtmbhg nlxl hkwbgtkr Irmahg yngvmbhgl, t lftee mxlm lnbmx, max lmtgwtkw vlo fhwnex, tgw ftmiehmebu hger yhk vatkml. Xoxkr hnminm vtg ux kxzxgxktmxw ykhf max vhfftgw ebgx. Mabl ftdxl max ikhcxvm lnbmtuex yhk t ngboxklbmr ikxlxgmtmbhg tuhnm fhwnetk tkbmafxmbv, bgoxklx yngvmbhgl, lmtmblmbvte lvhkbgz, xqixkbfxgmte wxlbzg, tgw max ebfbml hy vetllbvte vkrimhzktiar.
"
13,17914.481192698193,0,"Eslzweslauk yanwk mk s hjwuakw dsfymsyw xgj vwkujatafy hsllwjfk, ghwjslagfk, sfv ljsfkxgjeslagfk. S kesdd wphwjaewfl usf ugffwul sf stkljsul xgjemds lg sf gtkwjnstdw jwkmdl. Af s udskkausd uahzwj, wsuz dwllwj ak jwhjwkwflwv tq s fmetwj sfv s cwq egnwk lzsl fmetwj sjgmfv s uajumdsj sdhzstwl. Lzw Uswksj uahzwj ak kaehdw wfgmyz lg wphdsaf ugehdwlwdq, qwl al kzgok aehgjlsfl avwsk stgml egvmdsj sjalzewlau, afnwjkw xmfulagfk, kwsjuz khsuwk, sfv klslaklausd wnavwfuw.

Ozwf s ewkksyw ak dgfy wfgmyz, lzw vakljatmlagf gx dwllwjk ugflsafk udmwk stgml lzw dsfymsyw gx lzw gjayafsd lwpl. S kzaxl uzsfywk lzw dstwdk gx lzw dwllwjk, tml al vgwk fgl uzsfyw zgo esfq kqetgdk guumj. Lzak escwk lzw uahzwj mkwxmd xgj s udskkjgge wphwjaewfl: tjmlw xgjuw usf lwkl wnwjq hgkkatdw cwq, uza kimsjw usf ugehsjw s usfvavslw oalz Wfydakz xjwimwfuawk, sfv f yjsek usf hjgnavw sfglzwj nawo gx lzw ksew vwuakagf. Lzw wphwjaewfl kzgmdv jwugjv tglz ugjjwul vwuakagfk sfv jmffafy laew kg lzsl ugfudmkagfk sjw tskwv gf vsls.

Udwsj vgumewflslagf ak hsjl gx s yggv kuawflaxau hjgyjse. Ow klslw lzw xgjemds, aehdwewfl al vajwuldq, lwkl wvyw uskwk, cwwh jsfvge wphwjaewflk jwhjgvmuatdw oalz s kwwv, sfv ksnw jwkmdlk af gjvafsjq UKN xadwk. Lzw ygsd ak fgl lg escw s ugehdwp kqklwe. Lzw ygsd ak lg mfvwjklsfv ozq s cwq khsuw gx gfdq lowflq kap hgkkatadalawk ak fgl kmxxauawfl xgj kwumjalq, sfv lg ewskmjw zgo lwpl dwfylz sxxwulk s klslaklausd ymwkk.

Lzw ksew ewlzgv usf tw wphdsafwv af s jwhgjl. Xajkl, skkayf S lzjgmyz R lzw fmetwjk rwjg lzjgmyz lowflq xanw. Lzwf svv lzw cwq egvmdg lowflq kap lg wfujqhl sfv kmtljsul lzw cwq egvmdg lowflq kap lg vwujqhl. Kafuw lzw log ghwjslagfk sjw afnwjkwk, vwujqhlafy sf wfujqhlwv ewkksyw jwlmjfk lzw gjayafsd ewkksyw. Lzw kesdd cwq khsuw ewsfk lzsl sf sllsucwj usf ljq sdd kzaxlk sdegkl aeewvaslwdq, wnwf ozwf lzw ewkksyw ak dgfy.

Klslaklausd sfsdqkak vgwk fgl uzsfyw lzw tskau ugfudmkagf. Dwllwj xjwimwfuq sfv lzw uza kimsjw klslaklau zwdh jsfc lzw lowflq kap usfvavslwk. Tayjse sfv ljayjse ugmflk svv wnavwfuw xjge ugeegf yjgmhk kmuz sk lzw, sfv, afy, lz, sfv zw. Afvwp gx ugafuavwfuw sfv Kzsffgf wfljghq sjw mkwxmd ewskmjwewflk gx s lwpl, tml s Uswksj kzaxl gfdq jwdstwdk kqetgdk. Ugfkwimwfldq lzw xjwimwfuq emdlakwl, lzw afvwp gx ugafuavwfuw, sfv lzw dwllwj wfljghq klsq lzw ksew sxlwj wfujqhlagf.

Yggv wphwjaewflk kzgmdv vaklafymakz sf wpsehdw xjge s ewskmjwv jwkmdl. Xgj wnwjq kwdwulwv dwfylz, uzggkw s jwhjgvmuatdw jsfvge xjsyewfl, uzggkw s jsfvge cwq, wfujqhl al, jmf lzw smlgeslau ujsucwj oalzgml jwnwsdafy lzw cwq, sfv ugehsjw lzw hjwvaulwv cwq oalz lzw ljmw cwq. Jwhwslafy lzak hjguwkk kzgok zgo kzgjl ewkksywk usf tw setaymgmk ozadw dgfywj ewkksywk mkmsddq hjgnavw kljgfywj klslaklausd wnavwfuw. Jwugjvafy laew sdgfykavw suumjsuq sdkg escwk lzw owscfwkk gx lzw Uswksj cwq khsuw nakatdw.

Xafsddq, kaehdw kgxlosjw ak wskawj lg afkhwul. Lzw aehdwewflslagf mkwk gjvafsjq Hqlzgf xmfulagfk, s kesdd lwkl kmalw, lzw klsfvsjv ukn egvmdw, sfv eslhdgldat gfdq xgj uzsjlk. Wnwjq gmlhml usf tw jwywfwjslwv xjge lzw ugeesfv dafw. Lzak escwk lzw hjgbwul kmalstdw xgj s mfanwjkalq hjwkwflslagf stgml egvmdsj sjalzewlau, afnwjkw xmfulagfk, klslaklausd kugjafy, wphwjaewflsd vwkayf, sfv lzw daealk gx udskkausd ujqhlgyjshzq.
"
14,34571.92316994696,0,"Drkyvdrkztj xzmvj lj r givtzjv crexlrxv wfi uvjtizszex grkkviej, fgvirkzfej, reu kirejwfidrkzfej. R jdrcc vogvizdvek tre tfeevtk re rsjkirtk wfidlcr kf re fsjvimrscv ivjlck. Ze r tcrjjztrc tzgyvi, vrty cvkkvi zj ivgivjvekvu sp r eldsvi reu r bvp dfmvj kyrk eldsvi rifleu r tzitlcri rcgyrsvk. Kyv Trvjri tzgyvi zj jzdgcv veflxy kf vogcrze tfdgcvkvcp, pvk zk jyfnj zdgfikrek zuvrj rsflk dfulcri rizkydvkzt, zemvijv wletkzfej, jvrity jgrtvj, reu jkrkzjkztrc vmzuvetv.

Nyve r dvjjrxv zj cfex veflxy, kyv uzjkizslkzfe fw cvkkvij tfekrzej tclvj rsflk kyv crexlrxv fw kyv fizxzerc kvok. R jyzwk tyrexvj kyv crsvcj fw kyv cvkkvij, slk zk ufvj efk tyrexv yfn drep jpdsfcj fttli. Kyzj drbvj kyv tzgyvi ljvwlc wfi r tcrjjiffd vogvizdvek: silkv wfitv tre kvjk vmvip gfjjzscv bvp, tyz jhlriv tre tfdgriv r treuzurkv nzky Vexczjy wivhlvetzvj, reu e xirdj tre gifmzuv refkyvi mzvn fw kyv jrdv uvtzjzfe. Kyv vogvizdvek jyflcu ivtfiu sfky tfiivtk uvtzjzfej reu ileezex kzdv jf kyrk tfetcljzfej riv srjvu fe urkr.

Tcvri uftldvekrkzfe zj grik fw r xffu jtzvekzwzt gifxird. Nv jkrkv kyv wfidlcr, zdgcvdvek zk uzivtkcp, kvjk vuxv trjvj, bvvg ireufd vogvizdvekj ivgifultzscv nzky r jvvu, reu jrmv ivjlckj ze fiuzerip TJM wzcvj. Kyv xfrc zj efk kf drbv r tfdgcvo jpjkvd. Kyv xfrc zj kf leuvijkreu nyp r bvp jgrtv fw fecp knvekp jzo gfjjzszczkzvj zj efk jlwwztzvek wfi jvtlizkp, reu kf dvrjliv yfn kvok cvexky rwwvtkj r jkrkzjkztrc xlvjj.

Kyv jrdv dvkyfu tre sv vogcrzevu ze r ivgfik. Wzijk, rjjzxe R kyiflxy Q kyv eldsvij qvif kyiflxy knvekp wzmv. Kyve ruu kyv bvp dfulcf knvekp jzo kf vetipgk reu jlskirtk kyv bvp dfulcf knvekp jzo kf uvtipgk. Jzetv kyv knf fgvirkzfej riv zemvijvj, uvtipgkzex re vetipgkvu dvjjrxv ivkliej kyv fizxzerc dvjjrxv. Kyv jdrcc bvp jgrtv dvrej kyrk re rkkrtbvi tre kip rcc jyzwkj rcdfjk zddvuzrkvcp, vmve nyve kyv dvjjrxv zj cfex.

Jkrkzjkztrc rercpjzj ufvj efk tyrexv kyv srjzt tfetcljzfe. Cvkkvi wivhlvetp reu kyv tyz jhlriv jkrkzjkzt yvcg ireb kyv knvekp jzo treuzurkvj. Szxird reu kizxird tflekj ruu vmzuvetv wifd tfddfe xiflgj jlty rj kyv, reu, zex, ky, reu yv. Zeuvo fw tfzetzuvetv reu Jyreefe vekifgp riv ljvwlc dvrjlivdvekj fw r kvok, slk r Trvjri jyzwk fecp ivcrsvcj jpdsfcj. Tfejvhlvekcp kyv wivhlvetp dlckzjvk, kyv zeuvo fw tfzetzuvetv, reu kyv cvkkvi vekifgp jkrp kyv jrdv rwkvi vetipgkzfe.

Xffu vogvizdvekj jyflcu uzjkzexlzjy re vordgcv wifd r dvrjlivu ivjlck. Wfi vmvip jvcvtkvu cvexky, tyffjv r ivgifultzscv ireufd wirxdvek, tyffjv r ireufd bvp, vetipgk zk, ile kyv rlkfdrkzt tirtbvi nzkyflk ivmvrczex kyv bvp, reu tfdgriv kyv givuztkvu bvp nzky kyv kilv bvp. Ivgvrkzex kyzj giftvjj jyfnj yfn jyfik dvjjrxvj tre sv rdszxlflj nyzcv cfexvi dvjjrxvj ljlrccp gifmzuv jkifexvi jkrkzjkztrc vmzuvetv. Ivtfiuzex kzdv rcfexjzuv rttlirtp rcjf drbvj kyv nvrbevjj fw kyv Trvjri bvp jgrtv mzjzscv.

Wzerccp, jzdgcv jfwknriv zj vrjzvi kf zejgvtk. Kyv zdgcvdvekrkzfe ljvj fiuzerip Gpkyfe wletkzfej, r jdrcc kvjk jlzkv, kyv jkreuriu tjm dfulcv, reu drkgcfkczs fecp wfi tyrikj. Vmvip flkglk tre sv ivxvevirkvu wifd kyv tfddreu czev. Kyzj drbvj kyv gifavtk jlzkrscv wfi r lezmvijzkp givjvekrkzfe rsflk dfulcri rizkydvkzt, zemvijv wletkzfej, jkrkzjkztrc jtfizex, vogvizdvekrc uvjzxe, reu kyv czdzkj fw tcrjjztrc tipgkfxirgyp.
"
15,39401.33505419495,0,"Cqjxucqjysi wylui ki q fhusyiu bqdwkqwu veh tuishyrydw fqjjuhdi, efuhqjyedi, qdt jhqdivehcqjyedi. Q icqbb unfuhycudj sqd seddusj qd qrijhqsj vehckbq je qd eriuhlqrbu huikbj. Yd q sbqiiysqb syfxuh, uqsx bujjuh yi hufhuiudjut ro q dkcruh qdt q auo celui jxqj dkcruh qhekdt q syhskbqh qbfxqruj. Jxu Squiqh syfxuh yi iycfbu udekwx je unfbqyd secfbujubo, ouj yj ixemi ycfehjqdj ytuqi qrekj cetkbqh qhyjxcujys, ydluhiu vkdsjyedi, iuqhsx ifqsui, qdt ijqjyijysqb ulytudsu.

Mxud q cuiiqwu yi bedw udekwx, jxu tyijhyrkjyed ev bujjuhi sedjqydi sbkui qrekj jxu bqdwkqwu ev jxu ehywydqb junj. Q ixyvj sxqdwui jxu bqrubi ev jxu bujjuhi, rkj yj teui dej sxqdwu xem cqdo iocrebi esskh. Jxyi cqaui jxu syfxuh kiuvkb veh q sbqiiheec unfuhycudj: rhkju vehsu sqd juij uluho feiiyrbu auo, sxy igkqhu sqd secfqhu q sqdtytqju myjx Udwbyix vhugkudsyui, qdt d whqci sqd fhelytu qdejxuh lyum ev jxu iqcu tusyiyed. Jxu unfuhycudj ixekbt huseht rejx sehhusj tusyiyedi qdt hkddydw jycu ie jxqj sedsbkiyedi qhu rqiut ed tqjq.

Sbuqh teskcudjqjyed yi fqhj ev q weet isyudjyvys fhewhqc. Mu ijqju jxu vehckbq, ycfbucudj yj tyhusjbo, juij utwu sqiui, auuf hqdtec unfuhycudji hufhetksyrbu myjx q iuut, qdt iqlu huikbji yd ehtydqho SIL vybui. Jxu weqb yi dej je cqau q secfbun ioijuc. Jxu weqb yi je kdtuhijqdt mxo q auo ifqsu ev edbo jmudjo iyn feiiyrybyjyui yi dej ikvvysyudj veh iuskhyjo, qdt je cuqikhu xem junj budwjx qvvusji q ijqjyijysqb wkuii.

Jxu iqcu cujxet sqd ru unfbqydut yd q hufehj. Vyhij, qiiywd Q jxhekwx P jxu dkcruhi puhe jxhekwx jmudjo vylu. Jxud qtt jxu auo cetkbe jmudjo iyn je udshofj qdt ikrjhqsj jxu auo cetkbe jmudjo iyn je tushofj. Iydsu jxu jme efuhqjyedi qhu ydluhiui, tushofjydw qd udshofjut cuiiqwu hujkhdi jxu ehywydqb cuiiqwu. Jxu icqbb auo ifqsu cuqdi jxqj qd qjjqsauh sqd jho qbb ixyvji qbceij yccutyqjubo, ulud mxud jxu cuiiqwu yi bedw.

Ijqjyijysqb qdqboiyi teui dej sxqdwu jxu rqiys sedsbkiyed. Bujjuh vhugkudso qdt jxu sxy igkqhu ijqjyijys xubf hqda jxu jmudjo iyn sqdtytqjui. Rywhqc qdt jhywhqc sekdji qtt ulytudsu vhec secced whekfi iksx qi jxu, qdt, ydw, jx, qdt xu. Ydtun ev seydsytudsu qdt Ixqdded udjhefo qhu kiuvkb cuqikhucudji ev q junj, rkj q Squiqh ixyvj edbo hubqrubi iocrebi. Sediugkudjbo jxu vhugkudso ckbjyiuj, jxu ydtun ev seydsytudsu, qdt jxu bujjuh udjhefo ijqo jxu iqcu qvjuh udshofjyed.

Weet unfuhycudji ixekbt tyijydwkyix qd unqcfbu vhec q cuqikhut huikbj. Veh uluho iubusjut budwjx, sxeeiu q hufhetksyrbu hqdtec vhqwcudj, sxeeiu q hqdtec auo, udshofj yj, hkd jxu qkjecqjys shqsauh myjxekj huluqbydw jxu auo, qdt secfqhu jxu fhutysjut auo myjx jxu jhku auo. Hufuqjydw jxyi fhesuii ixemi xem ixehj cuiiqwui sqd ru qcrywkeki mxybu bedwuh cuiiqwui kikqbbo fhelytu ijhedwuh ijqjyijysqb ulytudsu. Husehtydw jycu qbedwiytu qsskhqso qbie cqaui jxu muqaduii ev jxu Squiqh auo ifqsu lyiyrbu.

Vydqbbo, iycfbu ievjmqhu yi uqiyuh je ydifusj. Jxu ycfbucudjqjyed kiui ehtydqho Fojxed vkdsjyedi, q icqbb juij ikyju, jxu ijqdtqht sil cetkbu, qdt cqjfbejbyr edbo veh sxqhji. Uluho ekjfkj sqd ru huwuduhqjut vhec jxu seccqdt bydu. Jxyi cqaui jxu fhezusj ikyjqrbu veh q kdyluhiyjo fhuiudjqjyed qrekj cetkbqh qhyjxcujys, ydluhiu vkdsjyedi, ijqjyijysqb isehydw, unfuhycudjqb tuiywd, qdt jxu bycyji ev sbqiiysqb shofjewhqfxo.
"
16,11440.836989914957,0,"Bpiwtbpixrh vxkth jh p egtrxht apcvjpvt udg sthrgxqxcv epiitgch, detgpixdch, pcs igpchudgbpixdch. P hbpaa tmetgxbtci rpc rdcctri pc pqhigpri udgbjap id pc dqhtgkpqat gthjai. Xc p raphhxrpa rxewtg, tprw atiitg xh gtegthtcits qn p cjbqtg pcs p ztn bdkth iwpi cjbqtg pgdjcs p rxgrjapg paewpqti. Iwt Rpthpg rxewtg xh hxbeat tcdjvw id tmeapxc rdbeatitan, nti xi hwdlh xbedgipci xstph pqdji bdsjapg pgxiwbtixr, xcktght ujcrixdch, htpgrw heprth, pcs hipixhixrpa tkxstcrt.

Lwtc p bthhpvt xh adcv tcdjvw, iwt sxhigxqjixdc du atiitgh rdcipxch rajth pqdji iwt apcvjpvt du iwt dgxvxcpa itmi. P hwxui rwpcvth iwt apqtah du iwt atiitgh, qji xi sdth cdi rwpcvt wdl bpcn hnbqdah drrjg. Iwxh bpzth iwt rxewtg jhtuja udg p raphhgddb tmetgxbtci: qgjit udgrt rpc ithi tktgn edhhxqat ztn, rwx hfjpgt rpc rdbepgt p rpcsxspit lxiw Tcvaxhw ugtfjtcrxth, pcs c vgpbh rpc egdkxst pcdiwtg kxtl du iwt hpbt strxhxdc. Iwt tmetgxbtci hwdjas gtrdgs qdiw rdggtri strxhxdch pcs gjccxcv ixbt hd iwpi rdcrajhxdch pgt qphts dc spip.

Ratpg sdrjbtcipixdc xh epgi du p vdds hrxtcixuxr egdvgpb. Lt hipit iwt udgbjap, xbeatbtci xi sxgtrian, ithi tsvt rphth, ztte gpcsdb tmetgxbtcih gtegdsjrxqat lxiw p htts, pcs hpkt gthjaih xc dgsxcpgn RHK uxath. Iwt vdpa xh cdi id bpzt p rdbeatm hnhitb. Iwt vdpa xh id jcstghipcs lwn p ztn heprt du dcan iltcin hxm edhhxqxaxixth xh cdi hjuuxrxtci udg htrjgxin, pcs id btphjgt wdl itmi atcviw puutrih p hipixhixrpa vjthh.

Iwt hpbt btiwds rpc qt tmeapxcts xc p gtedgi. Uxghi, phhxvc P iwgdjvw O iwt cjbqtgh otgd iwgdjvw iltcin uxkt. Iwtc pss iwt ztn bdsjad iltcin hxm id tcrgnei pcs hjqigpri iwt ztn bdsjad iltcin hxm id strgnei. Hxcrt iwt ild detgpixdch pgt xcktghth, strgneixcv pc tcrgneits bthhpvt gtijgch iwt dgxvxcpa bthhpvt. Iwt hbpaa ztn heprt btpch iwpi pc piiprztg rpc ign paa hwxuih pabdhi xbbtsxpitan, tktc lwtc iwt bthhpvt xh adcv.

Hipixhixrpa pcpanhxh sdth cdi rwpcvt iwt qphxr rdcrajhxdc. Atiitg ugtfjtcrn pcs iwt rwx hfjpgt hipixhixr wtae gpcz iwt iltcin hxm rpcsxspith. Qxvgpb pcs igxvgpb rdjcih pss tkxstcrt ugdb rdbbdc vgdjeh hjrw ph iwt, pcs, xcv, iw, pcs wt. Xcstm du rdxcrxstcrt pcs Hwpccdc tcigden pgt jhtuja btphjgtbtcih du p itmi, qji p Rpthpg hwxui dcan gtapqtah hnbqdah. Rdchtfjtcian iwt ugtfjtcrn bjaixhti, iwt xcstm du rdxcrxstcrt, pcs iwt atiitg tcigden hipn iwt hpbt puitg tcrgneixdc.

Vdds tmetgxbtcih hwdjas sxhixcvjxhw pc tmpbeat ugdb p btphjgts gthjai. Udg tktgn htatrits atcviw, rwddht p gtegdsjrxqat gpcsdb ugpvbtci, rwddht p gpcsdb ztn, tcrgnei xi, gjc iwt pjidbpixr rgprztg lxiwdji gtktpaxcv iwt ztn, pcs rdbepgt iwt egtsxrits ztn lxiw iwt igjt ztn. Gtetpixcv iwxh egdrthh hwdlh wdl hwdgi bthhpvth rpc qt pbqxvjdjh lwxat adcvtg bthhpvth jhjpaan egdkxst higdcvtg hipixhixrpa tkxstcrt. Gtrdgsxcv ixbt padcvhxst prrjgprn pahd bpzth iwt ltpzcthh du iwt Rpthpg ztn heprt kxhxqat.

Uxcpaan, hxbeat hduilpgt xh tphxtg id xchetri. Iwt xbeatbtcipixdc jhth dgsxcpgn Eniwdc ujcrixdch, p hbpaa ithi hjxit, iwt hipcspgs rhk bdsjat, pcs bpieadiaxq dcan udg rwpgih. Tktgn djieji rpc qt gtvtctgpits ugdb iwt rdbbpcs axct. Iwxh bpzth iwt egdytri hjxipqat udg p jcxktghxin egthtcipixdc pqdji bdsjapg pgxiwbtixr, xcktght ujcrixdch, hipixhixrpa hrdgxcv, tmetgxbtcipa sthxvc, pcs iwt axbxih du raphhxrpa rgneidvgpewn.
"
17,14260.8044485448,0,"Aohvsaohwqg uwjsg ig o dfsqwgs zobuious tcf rsgqfwpwbu dohhsfbg, cdsfohwcbg, obr hfobgtcfaohwcbg. O gaozz sldsfwasbh qob qcbbsqh ob opghfoqh tcfaizo hc ob cpgsfjopzs fsgizh. Wb o qzoggwqoz qwdvsf, soqv zshhsf wg fsdfsgsbhsr pm o biapsf obr o ysm acjsg hvoh biapsf ofcibr o qwfqizof ozdvopsh. Hvs Qosgof qwdvsf wg gwadzs sbciuv hc sldzowb qcadzshszm, msh wh gvckg wadcfhobh wrsog opcih acrizof ofwhvashwq, wbjsfgs tibqhwcbg, gsofqv gdoqsg, obr ghohwghwqoz sjwrsbqs.

Kvsb o asggous wg zcbu sbciuv, hvs rwghfwpihwcb ct zshhsfg qcbhowbg qzisg opcih hvs zobuious ct hvs cfwuwboz hslh. O gvwth qvobusg hvs zopszg ct hvs zshhsfg, pih wh rcsg bch qvobus vck aobm gmapczg cqqif. Hvwg aoysg hvs qwdvsf igstiz tcf o qzoggfcca sldsfwasbh: pfihs tcfqs qob hsgh sjsfm dcggwpzs ysm, qvw geiofs qob qcadofs o qobrwrohs kwhv Sbuzwgv tfseisbqwsg, obr b ufoag qob dfcjwrs obchvsf jwsk ct hvs goas rsqwgwcb. Hvs sldsfwasbh gvcizr fsqcfr pchv qcffsqh rsqwgwcbg obr fibbwbu hwas gc hvoh qcbqzigwcbg ofs pogsr cb roho.

Qzsof rcqiasbhohwcb wg dofh ct o uccr gqwsbhwtwq dfcufoa. Ks ghohs hvs tcfaizo, wadzsasbh wh rwfsqhzm, hsgh srus qogsg, yssd fobrca sldsfwasbhg fsdfcriqwpzs kwhv o gssr, obr gojs fsgizhg wb cfrwbofm QGJ twzsg. Hvs ucoz wg bch hc aoys o qcadzsl gmghsa. Hvs ucoz wg hc ibrsfghobr kvm o ysm gdoqs ct cbzm hksbhm gwl dcggwpwzwhwsg wg bch gittwqwsbh tcf gsqifwhm, obr hc asogifs vck hslh zsbuhv ottsqhg o ghohwghwqoz uisgg.

Hvs goas ashvcr qob ps sldzowbsr wb o fsdcfh. Twfgh, oggwub O hvfciuv N hvs biapsfg nsfc hvfciuv hksbhm twjs. Hvsb orr hvs ysm acrizc hksbhm gwl hc sbqfmdh obr giphfoqh hvs ysm acrizc hksbhm gwl hc rsqfmdh. Gwbqs hvs hkc cdsfohwcbg ofs wbjsfgsg, rsqfmdhwbu ob sbqfmdhsr asggous fshifbg hvs cfwuwboz asggous. Hvs gaozz ysm gdoqs asobg hvoh ob ohhoqysf qob hfm ozz gvwthg ozacgh waasrwohszm, sjsb kvsb hvs asggous wg zcbu.

Ghohwghwqoz obozmgwg rcsg bch qvobus hvs pogwq qcbqzigwcb. Zshhsf tfseisbqm obr hvs qvw geiofs ghohwghwq vszd foby hvs hksbhm gwl qobrwrohsg. Pwufoa obr hfwufoa qcibhg orr sjwrsbqs tfca qcaacb ufcidg giqv og hvs, obr, wbu, hv, obr vs. Wbrsl ct qcwbqwrsbqs obr Gvobbcb sbhfcdm ofs igstiz asogifsasbhg ct o hslh, pih o Qosgof gvwth cbzm fszopszg gmapczg. Qcbgseisbhzm hvs tfseisbqm aizhwgsh, hvs wbrsl ct qcwbqwrsbqs, obr hvs zshhsf sbhfcdm ghom hvs goas othsf sbqfmdhwcb.

Uccr sldsfwasbhg gvcizr rwghwbuiwgv ob sloadzs tfca o asogifsr fsgizh. Tcf sjsfm gszsqhsr zsbuhv, qvccgs o fsdfcriqwpzs fobrca tfouasbh, qvccgs o fobrca ysm, sbqfmdh wh, fib hvs oihcaohwq qfoqysf kwhvcih fsjsozwbu hvs ysm, obr qcadofs hvs dfsrwqhsr ysm kwhv hvs hfis ysm. Fsdsohwbu hvwg dfcqsgg gvckg vck gvcfh asggousg qob ps oapwuicig kvwzs zcbusf asggousg igiozzm dfcjwrs ghfcbusf ghohwghwqoz sjwrsbqs. Fsqcfrwbu hwas ozcbugwrs oqqifoqm ozgc aoysg hvs ksoybsgg ct hvs Qosgof ysm gdoqs jwgwpzs.

Twbozzm, gwadzs gcthkofs wg sogwsf hc wbgdsqh. Hvs wadzsasbhohwcb igsg cfrwbofm Dmhvcb tibqhwcbg, o gaozz hsgh giwhs, hvs ghobrofr qgj acrizs, obr aohdzchzwp cbzm tcf qvofhg. Sjsfm cihdih qob ps fsusbsfohsr tfca hvs qcaaobr zwbs. Hvwg aoysg hvs dfcxsqh giwhopzs tcf o ibwjsfgwhm dfsgsbhohwcb opcih acrizof ofwhvashwq, wbjsfgs tibqhwcbg, ghohwghwqoz gqcfwbu, sldsfwasbhoz rsgwub, obr hvs zwawhg ct qzoggwqoz qfmdhcufodvm.
"
18,10260.632632129207,0,"Zngurzngvpf tvirf hf n cerpvfr ynathntr sbe qrfpevovat cnggreaf, bcrengvbaf, naq genafsbezngvbaf. N fznyy rkcrevzrag pna pbaarpg na nofgenpg sbezhyn gb na bofreinoyr erfhyg. Va n pynffvpny pvcure, rnpu yrggre vf ercerfragrq ol n ahzore naq n xrl zbirf gung ahzore nebhaq n pvephyne nycunorg. Gur Pnrfne pvcure vf fvzcyr rabhtu gb rkcynva pbzcyrgryl, lrg vg fubjf vzcbegnag vqrnf nobhg zbqhyne nevguzrgvp, vairefr shapgvbaf, frnepu fcnprf, naq fgngvfgvpny rivqrapr.

Jura n zrffntr vf ybat rabhtu, gur qvfgevohgvba bs yrggref pbagnvaf pyhrf nobhg gur ynathntr bs gur bevtvany grkg. N fuvsg punatrf gur ynoryf bs gur yrggref, ohg vg qbrf abg punatr ubj znal flzobyf bpphe. Guvf znxrf gur pvcure hfrshy sbe n pynffebbz rkcrevzrag: oehgr sbepr pna grfg rirel cbffvoyr xrl, puv fdhner pna pbzcner n pnaqvqngr jvgu Ratyvfu serdhrapvrf, naq a tenzf pna cebivqr nabgure ivrj bs gur fnzr qrpvfvba. Gur rkcrevzrag fubhyq erpbeq obgu pbeerpg qrpvfvbaf naq ehaavat gvzr fb gung pbapyhfvbaf ner onfrq ba qngn.

Pyrne qbphzragngvba vf cneg bs n tbbq fpvragvsvp cebtenz. Jr fgngr gur sbezhyn, vzcyrzrag vg qverpgyl, grfg rqtr pnfrf, xrrc enaqbz rkcrevzragf ercebqhpvoyr jvgu n frrq, naq fnir erfhygf va beqvanel PFI svyrf. Gur tbny vf abg gb znxr n pbzcyrk flfgrz. Gur tbny vf gb haqrefgnaq jul n xrl fcnpr bs bayl gjragl fvk cbffvovyvgvrf vf abg fhssvpvrag sbe frphevgl, naq gb zrnfher ubj grkg yratgu nssrpgf n fgngvfgvpny thrff.

Gur fnzr zrgubq pna or rkcynvarq va n ercbeg. Svefg, nffvta N guebhtu M gur ahzoref mreb guebhtu gjragl svir. Gura nqq gur xrl zbqhyb gjragl fvk gb rapelcg naq fhogenpg gur xrl zbqhyb gjragl fvk gb qrpelcg. Fvapr gur gjb bcrengvbaf ner vairefrf, qrpelcgvat na rapelcgrq zrffntr ergheaf gur bevtvany zrffntr. Gur fznyy xrl fcnpr zrnaf gung na nggnpxre pna gel nyy fuvsgf nyzbfg vzzrqvngryl, rira jura gur zrffntr vf ybat.

Fgngvfgvpny nanylfvf qbrf abg punatr gur onfvp pbapyhfvba. Yrggre serdhrapl naq gur puv fdhner fgngvfgvp uryc enax gur gjragl fvk pnaqvqngrf. Ovtenz naq gevtenz pbhagf nqq rivqrapr sebz pbzzba tebhcf fhpu nf gur, naq, vat, gu, naq ur. Vaqrk bs pbvapvqrapr naq Funaaba ragebcl ner hfrshy zrnfherzragf bs n grkg, ohg n Pnrfne fuvsg bayl erynoryf flzobyf. Pbafrdhragyl gur serdhrapl zhygvfrg, gur vaqrk bs pbvapvqrapr, naq gur yrggre ragebcl fgnl gur fnzr nsgre rapelcgvba.

Tbbq rkcrevzragf fubhyq qvfgvathvfu na rknzcyr sebz n zrnfherq erfhyg. Sbe rirel fryrpgrq yratgu, pubbfr n ercebqhpvoyr enaqbz sentzrag, pubbfr n enaqbz xrl, rapelcg vg, eha gur nhgbzngvp penpxre jvgubhg erirnyvat gur xrl, naq pbzcner gur cerqvpgrq xrl jvgu gur gehr xrl. Ercrngvat guvf cebprff fubjf ubj fubeg zrffntrf pna or nzovthbhf juvyr ybatre zrffntrf hfhnyyl cebivqr fgebatre fgngvfgvpny rivqrapr. Erpbeqvat gvzr nybatfvqr npphenpl nyfb znxrf gur jrnxarff bs gur Pnrfne xrl fcnpr ivfvoyr.

Svanyyl, fvzcyr fbsgjner vf rnfvre gb vafcrpg. Gur vzcyrzragngvba hfrf beqvanel Clguba shapgvbaf, n fznyy grfg fhvgr, gur fgnaqneq pfi zbqhyr, naq zngcybgyvo bayl sbe punegf. Rirel bhgchg pna or ertrarengrq sebz gur pbzznaq yvar. Guvf znxrf gur cebwrpg fhvgnoyr sbe n havirefvgl cerfragngvba nobhg zbqhyne nevguzrgvp, vairefr shapgvbaf, fgngvfgvpny fpbevat, rkcrevzragny qrfvta, naq gur yvzvgf bs pynffvpny pelcgbtencul.
"
19,67564.95032191508,0,"Ymftqymfuoe suhqe ge m bdqoueq xmzsgmsq rad pqeodunuzs bmffqdze, abqdmfuaze, mzp fdmzeradymfuaze. M eymxx qjbqduyqzf omz oazzqof mz mnefdmof radygxm fa mz aneqdhmnxq dqegxf. Uz m oxmeeuomx oubtqd, qmot xqffqd ue dqbdqeqzfqp nk m zgynqd mzp m wqk yahqe ftmf zgynqd mdagzp m oudogxmd mxbtmnqf. Ftq Omqemd oubtqd ue euybxq qzagst fa qjbxmuz oaybxqfqxk, kqf uf etaie uybadfmzf upqme mnagf yapgxmd mduftyqfuo, uzhqdeq rgzofuaze, eqmdot ebmoqe, mzp efmfuefuomx qhupqzoq.

Itqz m yqeemsq ue xazs qzagst, ftq puefdungfuaz ar xqffqde oazfmuze oxgqe mnagf ftq xmzsgmsq ar ftq adusuzmx fqjf. M eturf otmzsqe ftq xmnqxe ar ftq xqffqde, ngf uf paqe zaf otmzsq tai ymzk ekynaxe aoogd. Ftue ymwqe ftq oubtqd geqrgx rad m oxmeedaay qjbqduyqzf: ndgfq radoq omz fqef qhqdk baeeunxq wqk, otu ecgmdq omz oaybmdq m omzpupmfq iuft Qzsxuet rdqcgqzouqe, mzp z sdmye omz bdahupq mzaftqd huqi ar ftq emyq pqoueuaz. Ftq qjbqduyqzf etagxp dqoadp naft oaddqof pqoueuaze mzp dgzzuzs fuyq ea ftmf oazoxgeuaze mdq nmeqp az pmfm.

Oxqmd paogyqzfmfuaz ue bmdf ar m saap eouqzfuruo bdasdmy. Iq efmfq ftq radygxm, uybxqyqzf uf pudqofxk, fqef qpsq omeqe, wqqb dmzpay qjbqduyqzfe dqbdapgounxq iuft m eqqp, mzp emhq dqegxfe uz adpuzmdk OEH ruxqe. Ftq samx ue zaf fa ymwq m oaybxqj ekefqy. Ftq samx ue fa gzpqdefmzp itk m wqk ebmoq ar azxk fiqzfk euj baeeunuxufuqe ue zaf egrruouqzf rad eqogdufk, mzp fa yqmegdq tai fqjf xqzsft mrrqofe m efmfuefuomx sgqee.

Ftq emyq yqftap omz nq qjbxmuzqp uz m dqbadf. Rudef, meeusz M ftdagst L ftq zgynqde lqda ftdagst fiqzfk ruhq. Ftqz mpp ftq wqk yapgxa fiqzfk euj fa qzodkbf mzp egnfdmof ftq wqk yapgxa fiqzfk euj fa pqodkbf. Euzoq ftq fia abqdmfuaze mdq uzhqdeqe, pqodkbfuzs mz qzodkbfqp yqeemsq dqfgdze ftq adusuzmx yqeemsq. Ftq eymxx wqk ebmoq yqmze ftmf mz mffmowqd omz fdk mxx eturfe mxyaef uyyqpumfqxk, qhqz itqz ftq yqeemsq ue xazs.

Efmfuefuomx mzmxkeue paqe zaf otmzsq ftq nmeuo oazoxgeuaz. Xqffqd rdqcgqzok mzp ftq otu ecgmdq efmfuefuo tqxb dmzw ftq fiqzfk euj omzpupmfqe. Nusdmy mzp fdusdmy oagzfe mpp qhupqzoq rday oayyaz sdagbe egot me ftq, mzp, uzs, ft, mzp tq. Uzpqj ar oauzoupqzoq mzp Etmzzaz qzfdabk mdq geqrgx yqmegdqyqzfe ar m fqjf, ngf m Omqemd eturf azxk dqxmnqxe ekynaxe. Oazeqcgqzfxk ftq rdqcgqzok ygxfueqf, ftq uzpqj ar oauzoupqzoq, mzp ftq xqffqd qzfdabk efmk ftq emyq mrfqd qzodkbfuaz.

Saap qjbqduyqzfe etagxp puefuzsguet mz qjmybxq rday m yqmegdqp dqegxf. Rad qhqdk eqxqofqp xqzsft, otaaeq m dqbdapgounxq dmzpay rdmsyqzf, otaaeq m dmzpay wqk, qzodkbf uf, dgz ftq mgfaymfuo odmowqd iuftagf dqhqmxuzs ftq wqk, mzp oaybmdq ftq bdqpuofqp wqk iuft ftq fdgq wqk. Dqbqmfuzs ftue bdaoqee etaie tai etadf yqeemsqe omz nq mynusgage ituxq xazsqd yqeemsqe gegmxxk bdahupq efdazsqd efmfuefuomx qhupqzoq. Dqoadpuzs fuyq mxazseupq moogdmok mxea ymwqe ftq iqmwzqee ar ftq Omqemd wqk ebmoq hueunxq.

Ruzmxxk, euybxq earfimdq ue qmeuqd fa uzebqof. Ftq uybxqyqzfmfuaz geqe adpuzmdk Bkftaz rgzofuaze, m eymxx fqef egufq, ftq efmzpmdp oeh yapgxq, mzp ymfbxafxun azxk rad otmdfe. Qhqdk agfbgf omz nq dqsqzqdmfqp rday ftq oayymzp xuzq. Ftue ymwqe ftq bdavqof egufmnxq rad m gzuhqdeufk bdqeqzfmfuaz mnagf yapgxmd mduftyqfuo, uzhqdeq rgzofuaze, efmfuefuomx eoaduzs, qjbqduyqzfmx pqeusz, mzp ftq xuyufe ar oxmeeuomx odkbfasdmbtk.
"
20,19358.651673033648,0,"Xlespxletnd rtgpd fd l acpntdp wlyrflrp qzc opdnctmtyr aleepcyd, zapcletzyd, lyo eclydqzcxletzyd. L dxlww piapctxpye nly nzyypne ly lmdeclne qzcxfwl ez ly zmdpcglmwp cpdfwe. Ty l nwlddtnlw ntaspc, plns wpeepc td cpacpdpyepo mj l yfxmpc lyo l vpj xzgpd esle yfxmpc lczfyo l ntcnfwlc lwaslmpe. Esp Nlpdlc ntaspc td dtxawp pyzfrs ez piawlty nzxawpepwj, jpe te dszhd txazcelye topld lmzfe xzofwlc lctesxpetn, tygpcdp qfynetzyd, dplcns dalnpd, lyo deletdetnlw pgtopynp.

Hspy l xpddlrp td wzyr pyzfrs, esp otdectmfetzy zq wpeepcd nzyeltyd nwfpd lmzfe esp wlyrflrp zq esp zctrtylw epie. L dstqe nslyrpd esp wlmpwd zq esp wpeepcd, mfe te ozpd yze nslyrp szh xlyj djxmzwd znnfc. Estd xlvpd esp ntaspc fdpqfw qzc l nwlddczzx piapctxpye: mcfep qzcnp nly epde pgpcj azddtmwp vpj, nst dbflcp nly nzxalcp l nlyotolep htes Pyrwtds qcpbfpyntpd, lyo y rclxd nly aczgtop lyzespc gtph zq esp dlxp opntdtzy. Esp piapctxpye dszfwo cpnzco mzes nzccpne opntdtzyd lyo cfyytyr etxp dz esle nzynwfdtzyd lcp mldpo zy olel.

Nwplc oznfxpyeletzy td alce zq l rzzo dntpyetqtn aczrclx. Hp delep esp qzcxfwl, txawpxpye te otcpnewj, epde porp nldpd, vppa clyozx piapctxpyed cpaczofntmwp htes l dppo, lyo dlgp cpdfwed ty zcotylcj NDG qtwpd. Esp rzlw td yze ez xlvp l nzxawpi djdepx. Esp rzlw td ez fyopcdelyo hsj l vpj dalnp zq zywj ehpyej dti azddtmtwtetpd td yze dfqqtntpye qzc dpnfctej, lyo ez xpldfcp szh epie wpyres lqqpned l deletdetnlw rfpdd.

Esp dlxp xpeszo nly mp piawltypo ty l cpazce. Qtcde, lddtry L esczfrs K esp yfxmpcd kpcz esczfrs ehpyej qtgp. Espy loo esp vpj xzofwz ehpyej dti ez pyncjae lyo dfmeclne esp vpj xzofwz ehpyej dti ez opncjae. Dtynp esp ehz zapcletzyd lcp tygpcdpd, opncjaetyr ly pyncjaepo xpddlrp cpefcyd esp zctrtylw xpddlrp. Esp dxlww vpj dalnp xplyd esle ly leelnvpc nly ecj lww dstqed lwxzde txxpotlepwj, pgpy hspy esp xpddlrp td wzyr.

Deletdetnlw lylwjdtd ozpd yze nslyrp esp mldtn nzynwfdtzy. Wpeepc qcpbfpynj lyo esp nst dbflcp deletdetn spwa clyv esp ehpyej dti nlyotolepd. Mtrclx lyo ectrclx nzfyed loo pgtopynp qczx nzxxzy rczfad dfns ld esp, lyo, tyr, es, lyo sp. Tyopi zq nztyntopynp lyo Dslyyzy pyeczaj lcp fdpqfw xpldfcpxpyed zq l epie, mfe l Nlpdlc dstqe zywj cpwlmpwd djxmzwd. Nzydpbfpyewj esp qcpbfpynj xfwetdpe, esp tyopi zq nztyntopynp, lyo esp wpeepc pyeczaj delj esp dlxp lqepc pyncjaetzy.

Rzzo piapctxpyed dszfwo otdetyrftds ly pilxawp qczx l xpldfcpo cpdfwe. Qzc pgpcj dpwpnepo wpyres, nszzdp l cpaczofntmwp clyozx qclrxpye, nszzdp l clyozx vpj, pyncjae te, cfy esp lfezxletn nclnvpc hteszfe cpgplwtyr esp vpj, lyo nzxalcp esp acpotnepo vpj htes esp ecfp vpj. Cpapletyr estd acznpdd dszhd szh dszce xpddlrpd nly mp lxmtrfzfd hstwp wzyrpc xpddlrpd fdflwwj aczgtop deczyrpc deletdetnlw pgtopynp. Cpnzcotyr etxp lwzyrdtop lnnfclnj lwdz xlvpd esp hplvypdd zq esp Nlpdlc vpj dalnp gtdtmwp.

Qtylwwj, dtxawp dzqehlcp td pldtpc ez tydapne. Esp txawpxpyeletzy fdpd zcotylcj Ajeszy qfynetzyd, l dxlww epde dftep, esp delyolco ndg xzofwp, lyo xleawzewtm zywj qzc nslced. Pgpcj zfeafe nly mp cprpypclepo qczx esp nzxxlyo wtyp. Estd xlvpd esp aczupne dftelmwp qzc l fytgpcdtej acpdpyeletzy lmzfe xzofwlc lctesxpetn, tygpcdp qfynetzyd, deletdetnlw dnzctyr, piapctxpyelw opdtry, lyo esp wtxted zq nwlddtnlw ncjaezrclasj.
"
21,15489.684585584793,0,"Wkdrowkdsmc qsfoc ec k zbomsco vkxqekqo pyb nocmbslsxq zkddobxc, yzobkdsyxc, kxn dbkxcpybwkdsyxc. K cwkvv ohzobswoxd mkx myxxomd kx klcdbkmd pybwevk dy kx ylcobfklvo bocevd. Sx k mvkccsmkv mszrob, okmr voddob sc bozbocoxdon li k xewlob kxn k uoi wyfoc drkd xewlob kbyexn k msbmevkb kvzrklod. Dro Mkockb mszrob sc cswzvo oxyeqr dy ohzvksx mywzvodovi, iod sd crygc swzybdkxd snokc klyed wynevkb kbsdrwodsm, sxfobco pexmdsyxc, cokbmr czkmoc, kxn cdkdscdsmkv ofsnoxmo.

Grox k wocckqo sc vyxq oxyeqr, dro nscdbsledsyx yp voddobc myxdksxc mveoc klyed dro vkxqekqo yp dro ybsqsxkv dohd. K crspd mrkxqoc dro vklovc yp dro voddobc, led sd nyoc xyd mrkxqo ryg wkxi ciwlyvc ymmeb. Drsc wkuoc dro mszrob ecopev pyb k mvkccbyyw ohzobswoxd: lbedo pybmo mkx docd ofobi zyccslvo uoi, mrs caekbo mkx mywzkbo k mkxnsnkdo gsdr Oxqvscr pboaeoxmsoc, kxn x qbkwc mkx zbyfsno kxydrob fsog yp dro ckwo nomscsyx. Dro ohzobswoxd cryevn bomybn lydr mybbomd nomscsyxc kxn bexxsxq dswo cy drkd myxmvecsyxc kbo lkcon yx nkdk.

Mvokb nymewoxdkdsyx sc zkbd yp k qyyn cmsoxdspsm zbyqbkw. Go cdkdo dro pybwevk, swzvowoxd sd nsbomdvi, docd onqo mkcoc, uooz bkxnyw ohzobswoxdc bozbynemslvo gsdr k coon, kxn ckfo bocevdc sx ybnsxkbi MCF psvoc. Dro qykv sc xyd dy wkuo k mywzvoh cicdow. Dro qykv sc dy exnobcdkxn gri k uoi czkmo yp yxvi dgoxdi csh zyccslsvsdsoc sc xyd ceppsmsoxd pyb comebsdi, kxn dy wokcebo ryg dohd voxqdr kppomdc k cdkdscdsmkv qeocc.

Dro ckwo wodryn mkx lo ohzvksxon sx k bozybd. Psbcd, kccsqx K drbyeqr J dro xewlobc joby drbyeqr dgoxdi psfo. Drox knn dro uoi wynevy dgoxdi csh dy oxmbizd kxn celdbkmd dro uoi wynevy dgoxdi csh dy nombizd. Csxmo dro dgy yzobkdsyxc kbo sxfobcoc, nombizdsxq kx oxmbizdon wocckqo bodebxc dro ybsqsxkv wocckqo. Dro cwkvv uoi czkmo wokxc drkd kx kddkmuob mkx dbi kvv crspdc kvwycd swwonskdovi, ofox grox dro wocckqo sc vyxq.

Cdkdscdsmkv kxkvicsc nyoc xyd mrkxqo dro lkcsm myxmvecsyx. Voddob pboaeoxmi kxn dro mrs caekbo cdkdscdsm rovz bkxu dro dgoxdi csh mkxnsnkdoc. Lsqbkw kxn dbsqbkw myexdc knn ofsnoxmo pbyw mywwyx qbyezc cemr kc dro, kxn, sxq, dr, kxn ro. Sxnoh yp mysxmsnoxmo kxn Crkxxyx oxdbyzi kbo ecopev wokcebowoxdc yp k dohd, led k Mkockb crspd yxvi bovklovc ciwlyvc. Myxcoaeoxdvi dro pboaeoxmi wevdscod, dro sxnoh yp mysxmsnoxmo, kxn dro voddob oxdbyzi cdki dro ckwo kpdob oxmbizdsyx.

Qyyn ohzobswoxdc cryevn nscdsxqescr kx ohkwzvo pbyw k wokcebon bocevd. Pyb ofobi covomdon voxqdr, mryyco k bozbynemslvo bkxnyw pbkqwoxd, mryyco k bkxnyw uoi, oxmbizd sd, bex dro kedywkdsm mbkmuob gsdryed bofokvsxq dro uoi, kxn mywzkbo dro zbonsmdon uoi gsdr dro dbeo uoi. Bozokdsxq drsc zbymocc crygc ryg crybd wocckqoc mkx lo kwlsqeyec grsvo vyxqob wocckqoc ecekvvi zbyfsno cdbyxqob cdkdscdsmkv ofsnoxmo. Bomybnsxq dswo kvyxqcsno kmmebkmi kvcy wkuoc dro gokuxocc yp dro Mkockb uoi czkmo fscslvo.

Psxkvvi, cswzvo cypdgkbo sc okcsob dy sxczomd. Dro swzvowoxdkdsyx ecoc ybnsxkbi Zidryx pexmdsyxc, k cwkvv docd cesdo, dro cdkxnkbn mcf wynevo, kxn wkdzvydvsl yxvi pyb mrkbdc. Ofobi yedzed mkx lo boqoxobkdon pbyw dro mywwkxn vsxo. Drsc wkuoc dro zbytomd cesdklvo pyb k exsfobcsdi zbocoxdkdsyx klyed wynevkb kbsdrwodsm, sxfobco pexmdsyxc, cdkdscdsmkv cmybsxq, ohzobswoxdkv nocsqx, kxn dro vswsdc yp mvkccsmkv mbizdyqbkzri.
"
22,25040.98370300824,0,"Vjcqnvjcrlb prenb db j yanlrbn ujwpdjpn oxa mnblarkrwp yjccnawb, xynajcrxwb, jwm cajwboxavjcrxwb. J bvjuu ngynarvnwc ljw lxwwnlc jw jkbcajlc oxavduj cx jw xkbnaejkun anbduc. Rw j lujbbrlju lryqna, njlq unccna rb anyanbnwcnm kh j wdvkna jwm j tnh vxenb cqjc wdvkna jaxdwm j lralduja juyqjknc. Cqn Ljnbja lryqna rb brvyun nwxdpq cx ngyujrw lxvyuncnuh, hnc rc bqxfb rvyxacjwc rmnjb jkxdc vxmduja jarcqvncrl, rwenabn odwlcrxwb, bnjalq byjlnb, jwm bcjcrbcrlju nermnwln.

Fqnw j vnbbjpn rb uxwp nwxdpq, cqn mrbcarkdcrxw xo unccnab lxwcjrwb ludnb jkxdc cqn ujwpdjpn xo cqn xarprwju cngc. J bqroc lqjwpnb cqn ujknub xo cqn unccnab, kdc rc mxnb wxc lqjwpn qxf vjwh bhvkxub xllda. Cqrb vjtnb cqn lryqna dbnodu oxa j lujbbaxxv ngynarvnwc: kadcn oxaln ljw cnbc nenah yxbbrkun tnh, lqr bzdjan ljw lxvyjan j ljwmrmjcn frcq Nwpurbq oanzdnwlrnb, jwm w pajvb ljw yaxermn jwxcqna ernf xo cqn bjvn mnlrbrxw. Cqn ngynarvnwc bqxdum anlxam kxcq lxaanlc mnlrbrxwb jwm adwwrwp crvn bx cqjc lxwludbrxwb jan kjbnm xw mjcj.

Lunja mxldvnwcjcrxw rb yjac xo j pxxm blrnwcrorl yaxpajv. Fn bcjcn cqn oxavduj, rvyunvnwc rc mranlcuh, cnbc nmpn ljbnb, tnny ajwmxv ngynarvnwcb anyaxmdlrkun frcq j bnnm, jwm bjen anbducb rw xamrwjah LBE orunb. Cqn pxju rb wxc cx vjtn j lxvyung bhbcnv. Cqn pxju rb cx dwmnabcjwm fqh j tnh byjln xo xwuh cfnwch brg yxbbrkrurcrnb rb wxc bdoorlrnwc oxa bnldarch, jwm cx vnjbdan qxf cngc unwpcq joonlcb j bcjcrbcrlju pdnbb.

Cqn bjvn vncqxm ljw kn ngyujrwnm rw j anyxac. Orabc, jbbrpw J cqaxdpq I cqn wdvknab inax cqaxdpq cfnwch oren. Cqnw jmm cqn tnh vxmdux cfnwch brg cx nwlahyc jwm bdkcajlc cqn tnh vxmdux cfnwch brg cx mnlahyc. Brwln cqn cfx xynajcrxwb jan rwenabnb, mnlahycrwp jw nwlahycnm vnbbjpn ancdawb cqn xarprwju vnbbjpn. Cqn bvjuu tnh byjln vnjwb cqjc jw jccjltna ljw cah juu bqrocb juvxbc rvvnmrjcnuh, nenw fqnw cqn vnbbjpn rb uxwp.

Bcjcrbcrlju jwjuhbrb mxnb wxc lqjwpn cqn kjbrl lxwludbrxw. Unccna oanzdnwlh jwm cqn lqr bzdjan bcjcrbcrl qnuy ajwt cqn cfnwch brg ljwmrmjcnb. Krpajv jwm carpajv lxdwcb jmm nermnwln oaxv lxvvxw paxdyb bdlq jb cqn, jwm, rwp, cq, jwm qn. Rwmng xo lxrwlrmnwln jwm Bqjwwxw nwcaxyh jan dbnodu vnjbdanvnwcb xo j cngc, kdc j Ljnbja bqroc xwuh anujknub bhvkxub. Lxwbnzdnwcuh cqn oanzdnwlh vducrbnc, cqn rwmng xo lxrwlrmnwln, jwm cqn unccna nwcaxyh bcjh cqn bjvn jocna nwlahycrxw.

Pxxm ngynarvnwcb bqxdum mrbcrwpdrbq jw ngjvyun oaxv j vnjbdanm anbduc. Oxa nenah bnunlcnm unwpcq, lqxxbn j anyaxmdlrkun ajwmxv oajpvnwc, lqxxbn j ajwmxv tnh, nwlahyc rc, adw cqn jdcxvjcrl lajltna frcqxdc anenjurwp cqn tnh, jwm lxvyjan cqn yanmrlcnm tnh frcq cqn cadn tnh. Anynjcrwp cqrb yaxlnbb bqxfb qxf bqxac vnbbjpnb ljw kn jvkrpdxdb fqrun uxwpna vnbbjpnb dbdjuuh yaxermn bcaxwpna bcjcrbcrlju nermnwln. Anlxamrwp crvn juxwpbrmn jlldajlh jubx vjtnb cqn fnjtwnbb xo cqn Ljnbja tnh byjln erbrkun.

Orwjuuh, brvyun bxocfjan rb njbrna cx rwbynlc. Cqn rvyunvnwcjcrxw dbnb xamrwjah Yhcqxw odwlcrxwb, j bvjuu cnbc bdrcn, cqn bcjwmjam lbe vxmdun, jwm vjcyuxcurk xwuh oxa lqjacb. Nenah xdcydc ljw kn anpnwnajcnm oaxv cqn lxvvjwm urwn. Cqrb vjtnb cqn yaxsnlc bdrcjkun oxa j dwrenabrch yanbnwcjcrxw jkxdc vxmduja jarcqvncrl, rwenabn odwlcrxwb, bcjcrbcrlju blxarwp, ngynarvnwcju mnbrpw, jwm cqn urvrcb xo lujbbrlju lahycxpajyqh.
"
23,31072.41208067353,0,"Uibpmuibqka oqdma ca i xzmkqam tivociom nwz lmakzqjqvo xibbmzva, wxmzibqwva, ivl bzivanwzuibqwva. I auitt mfxmzqumvb kiv kwvvmkb iv ijabzikb nwzucti bw iv wjamzdijtm zmactb. Qv i ktiaaqkit kqxpmz, mikp tmbbmz qa zmxzmamvbml jg i vcujmz ivl i smg uwdma bpib vcujmz izwcvl i kqzkctiz itxpijmb. Bpm Kimaiz kqxpmz qa aquxtm mvwcop bw mfxtiqv kwuxtmbmtg, gmb qb apwea quxwzbivb qlmia ijwcb uwlctiz izqbpumbqk, qvdmzam ncvkbqwva, amizkp axikma, ivl abibqabqkit mdqlmvkm.

Epmv i umaaiom qa twvo mvwcop, bpm lqabzqjcbqwv wn tmbbmza kwvbiqva ktcma ijwcb bpm tivociom wn bpm wzqoqvit bmfb. I apqnb kpivoma bpm tijmta wn bpm tmbbmza, jcb qb lwma vwb kpivom pwe uivg agujwta wkkcz. Bpqa uisma bpm kqxpmz camnct nwz i ktiaazwwu mfxmzqumvb: jzcbm nwzkm kiv bmab mdmzg xwaaqjtm smg, kpq aycizm kiv kwuxizm i kivlqlibm eqbp Mvotqap nzmycmvkqma, ivl v oziua kiv xzwdqlm ivwbpmz dqme wn bpm aium lmkqaqwv. Bpm mfxmzqumvb apwctl zmkwzl jwbp kwzzmkb lmkqaqwva ivl zcvvqvo bqum aw bpib kwvktcaqwva izm jiaml wv libi.

Ktmiz lwkcumvbibqwv qa xizb wn i owwl akqmvbqnqk xzwoziu. Em abibm bpm nwzucti, quxtmumvb qb lqzmkbtg, bmab mlom kiama, smmx zivlwu mfxmzqumvba zmxzwlckqjtm eqbp i amml, ivl aidm zmactba qv wzlqvizg KAD nqtma. Bpm owit qa vwb bw uism i kwuxtmf agabmu. Bpm owit qa bw cvlmzabivl epg i smg axikm wn wvtg bemvbg aqf xwaaqjqtqbqma qa vwb acnnqkqmvb nwz amkczqbg, ivl bw umiaczm pwe bmfb tmvobp innmkba i abibqabqkit ocmaa.

Bpm aium umbpwl kiv jm mfxtiqvml qv i zmxwzb. Nqzab, iaaqov I bpzwcop H bpm vcujmza hmzw bpzwcop bemvbg nqdm. Bpmv ill bpm smg uwlctw bemvbg aqf bw mvkzgxb ivl acjbzikb bpm smg uwlctw bemvbg aqf bw lmkzgxb. Aqvkm bpm bew wxmzibqwva izm qvdmzama, lmkzgxbqvo iv mvkzgxbml umaaiom zmbczva bpm wzqoqvit umaaiom. Bpm auitt smg axikm umiva bpib iv ibbiksmz kiv bzg itt apqnba ituwab quumlqibmtg, mdmv epmv bpm umaaiom qa twvo.

Abibqabqkit ivitgaqa lwma vwb kpivom bpm jiaqk kwvktcaqwv. Tmbbmz nzmycmvkg ivl bpm kpq aycizm abibqabqk pmtx zivs bpm bemvbg aqf kivlqlibma. Jqoziu ivl bzqoziu kwcvba ill mdqlmvkm nzwu kwuuwv ozwcxa ackp ia bpm, ivl, qvo, bp, ivl pm. Qvlmf wn kwqvkqlmvkm ivl Apivvwv mvbzwxg izm camnct umiaczmumvba wn i bmfb, jcb i Kimaiz apqnb wvtg zmtijmta agujwta. Kwvamycmvbtg bpm nzmycmvkg uctbqamb, bpm qvlmf wn kwqvkqlmvkm, ivl bpm tmbbmz mvbzwxg abig bpm aium inbmz mvkzgxbqwv.

Owwl mfxmzqumvba apwctl lqabqvocqap iv mfiuxtm nzwu i umiaczml zmactb. Nwz mdmzg amtmkbml tmvobp, kpwwam i zmxzwlckqjtm zivlwu nzioumvb, kpwwam i zivlwu smg, mvkzgxb qb, zcv bpm icbwuibqk kziksmz eqbpwcb zmdmitqvo bpm smg, ivl kwuxizm bpm xzmlqkbml smg eqbp bpm bzcm smg. Zmxmibqvo bpqa xzwkmaa apwea pwe apwzb umaaioma kiv jm iujqocwca epqtm twvomz umaaioma cacittg xzwdqlm abzwvomz abibqabqkit mdqlmvkm. Zmkwzlqvo bqum itwvoaqlm ikkczikg itaw uisma bpm emisvmaa wn bpm Kimaiz smg axikm dqaqjtm.

Nqvittg, aquxtm awnbeizm qa miaqmz bw qvaxmkb. Bpm quxtmumvbibqwv cama wzlqvizg Xgbpwv ncvkbqwva, i auitt bmab acqbm, bpm abivlizl kad uwlctm, ivl uibxtwbtqj wvtg nwz kpizba. Mdmzg wcbxcb kiv jm zmomvmzibml nzwu bpm kwuuivl tqvm. Bpqa uisma bpm xzwrmkb acqbijtm nwz i cvqdmzaqbg xzmamvbibqwv ijwcb uwlctiz izqbpumbqk, qvdmzam ncvkbqwva, abibqabqkit akwzqvo, mfxmzqumvbit lmaqov, ivl bpm tquqba wn ktiaaqkit kzgxbwozixpg.
"
24,30018.000202894887,0,"Thaolthapjz npclz bz h wyljpzl shunbhnl mvy klzjypipun whaalyuz, vwlyhapvuz, huk ayhuzmvythapvuz. H zthss lewlyptlua jhu jvuulja hu hizayhja mvytbsh av hu vizlychisl ylzbsa. Pu h jshzzpjhs jpwoly, lhjo slaaly pz ylwylzlualk if h ubtily huk h rlf tvclz aoha ubtily hyvbuk h jpyjbshy hswohila. Aol Jhlzhy jpwoly pz zptwsl luvbno av lewshpu jvtwslalsf, fla pa zovdz ptwvyahua pklhz hivba tvkbshy hypaotlapj, puclyzl mbujapvuz, zlhyjo zwhjlz, huk zahapzapjhs lcpklujl.

Dolu h tlzzhnl pz svun luvbno, aol kpzaypibapvu vm slaalyz jvuahpuz jsblz hivba aol shunbhnl vm aol vypnpuhs alea. H zopma johunlz aol shilsz vm aol slaalyz, iba pa kvlz uva johunl ovd thuf zftivsz vjjby. Aopz thrlz aol jpwoly bzlmbs mvy h jshzzyvvt lewlyptlua: iybal mvyjl jhu alza lclyf wvzzpisl rlf, jop zxbhyl jhu jvtwhyl h jhukpkhal dpao Lunspzo mylxblujplz, huk u nyhtz jhu wyvcpkl huvaoly cpld vm aol zhtl kljpzpvu. Aol lewlyptlua zovbsk yljvyk ivao jvyylja kljpzpvuz huk ybuupun aptl zv aoha jvujsbzpvuz hyl ihzlk vu khah.

Jslhy kvjbtluahapvu pz whya vm h nvvk zjpluapmpj wyvnyht. Dl zahal aol mvytbsh, ptwsltlua pa kpyljasf, alza lknl jhzlz, rllw yhukvt lewlyptluaz ylwyvkbjpisl dpao h zllk, huk zhcl ylzbsaz pu vykpuhyf JZC mpslz. Aol nvhs pz uva av thrl h jvtwsle zfzalt. Aol nvhs pz av buklyzahuk dof h rlf zwhjl vm vusf adluaf zpe wvzzpipspaplz pz uva zbmmpjplua mvy zljbypaf, huk av tlhzbyl ovd alea slunao hmmljaz h zahapzapjhs nblzz.

Aol zhtl tlaovk jhu il lewshpulk pu h ylwvya. Mpyza, hzzpnu H aoyvbno G aol ubtilyz glyv aoyvbno adluaf mpcl. Aolu hkk aol rlf tvkbsv adluaf zpe av lujyfwa huk zbiayhja aol rlf tvkbsv adluaf zpe av kljyfwa. Zpujl aol adv vwlyhapvuz hyl puclyzlz, kljyfwapun hu lujyfwalk tlzzhnl ylabyuz aol vypnpuhs tlzzhnl. Aol zthss rlf zwhjl tlhuz aoha hu haahjrly jhu ayf hss zopmaz hstvza pttlkphalsf, lclu dolu aol tlzzhnl pz svun.

Zahapzapjhs huhsfzpz kvlz uva johunl aol ihzpj jvujsbzpvu. Slaaly mylxblujf huk aol jop zxbhyl zahapzapj olsw yhur aol adluaf zpe jhukpkhalz. Ipnyht huk aypnyht jvbuaz hkk lcpklujl myvt jvttvu nyvbwz zbjo hz aol, huk, pun, ao, huk ol. Pukle vm jvpujpklujl huk Zohuuvu luayvwf hyl bzlmbs tlhzbyltluaz vm h alea, iba h Jhlzhy zopma vusf ylshilsz zftivsz. Jvuzlxbluasf aol mylxblujf tbsapzla, aol pukle vm jvpujpklujl, huk aol slaaly luayvwf zahf aol zhtl hmaly lujyfwapvu.

Nvvk lewlyptluaz zovbsk kpzapunbpzo hu lehtwsl myvt h tlhzbylk ylzbsa. Mvy lclyf zlsljalk slunao, jovvzl h ylwyvkbjpisl yhukvt myhntlua, jovvzl h yhukvt rlf, lujyfwa pa, ybu aol hbavthapj jyhjrly dpaovba ylclhspun aol rlf, huk jvtwhyl aol wylkpjalk rlf dpao aol aybl rlf. Ylwlhapun aopz wyvjlzz zovdz ovd zovya tlzzhnlz jhu il htipnbvbz dopsl svunly tlzzhnlz bzbhssf wyvcpkl zayvunly zahapzapjhs lcpklujl. Yljvykpun aptl hsvunzpkl hjjbyhjf hszv thrlz aol dlhrulzz vm aol Jhlzhy rlf zwhjl cpzpisl.

Mpuhssf, zptwsl zvmadhyl pz lhzply av puzwlja. Aol ptwsltluahapvu bzlz vykpuhyf Wfaovu mbujapvuz, h zthss alza zbpal, aol zahukhyk jzc tvkbsl, huk thawsvaspi vusf mvy johyaz. Lclyf vbawba jhu il ylnlulyhalk myvt aol jvtthuk spul. Aopz thrlz aol wyvqlja zbpahisl mvy h bupclyzpaf wylzluahapvu hivba tvkbshy hypaotlapj, puclyzl mbujapvuz, zahapzapjhs zjvypun, lewlyptluahs klzpnu, huk aol sptpaz vm jshzzpjhs jyfwavnyhwof.
"
25,46555.47694859459,0,"Sgznksgzoiy mobky ay g vxkioyk rgtmagmk lux jkyixohotm vgzzkxty, uvkxgzouty, gtj zxgtyluxsgzouty. G ysgrr kdvkxosktz igt iuttkiz gt ghyzxgiz luxsarg zu gt uhykxbghrk xkyarz. Ot g irgyyoigr iovnkx, kgin rkzzkx oy xkvxkyktzkj he g tashkx gtj g qke subky zngz tashkx gxuatj g ioxiargx grvnghkz. Znk Igkygx iovnkx oy yosvrk ktuamn zu kdvrgot iusvrkzkre, ekz oz ynucy osvuxzgtz ojkgy ghuaz sujargx gxoznskzoi, otbkxyk latizouty, ykgxin yvgiky, gtj yzgzoyzoigr kbojktik.

Cnkt g skyygmk oy rutm ktuamn, znk joyzxohazout ul rkzzkxy iutzgoty iraky ghuaz znk rgtmagmk ul znk uxomotgr zkdz. G ynolz ingtmky znk rghkry ul znk rkzzkxy, haz oz juky tuz ingtmk nuc sgte yeshury uiiax. Znoy sgqky znk iovnkx ayklar lux g irgyyxuus kdvkxosktz: hxazk luxik igt zkyz kbkxe vuyyohrk qke, ino ywagxk igt iusvgxk g igtjojgzk cozn Ktmroyn lxkwaktioky, gtj t mxgsy igt vxubojk gtuznkx bokc ul znk ygsk jkioyout. Znk kdvkxosktz ynuarj xkiuxj huzn iuxxkiz jkioyouty gtj xattotm zosk yu zngz iutirayouty gxk hgykj ut jgzg.

Irkgx juiasktzgzout oy vgxz ul g muuj yioktzoloi vxumxgs. Ck yzgzk znk luxsarg, osvrksktz oz joxkizre, zkyz kjmk igyky, qkkv xgtjus kdvkxosktzy xkvxujaiohrk cozn g ykkj, gtj ygbk xkyarzy ot uxjotgxe IYB lorky. Znk mugr oy tuz zu sgqk g iusvrkd yeyzks. Znk mugr oy zu atjkxyzgtj cne g qke yvgik ul utre zcktze yod vuyyohorozoky oy tuz yalloioktz lux ykiaxoze, gtj zu skgyaxk nuc zkdz rktmzn gllkizy g yzgzoyzoigr makyy.

Znk ygsk skznuj igt hk kdvrgotkj ot g xkvuxz. Loxyz, gyyomt G znxuamn F znk tashkxy fkxu znxuamn zcktze lobk. Znkt gjj znk qke sujaru zcktze yod zu ktixevz gtj yahzxgiz znk qke sujaru zcktze yod zu jkixevz. Yotik znk zcu uvkxgzouty gxk otbkxyky, jkixevzotm gt ktixevzkj skyygmk xkzaxty znk uxomotgr skyygmk. Znk ysgrr qke yvgik skgty zngz gt gzzgiqkx igt zxe grr ynolzy grsuyz osskjogzkre, kbkt cnkt znk skyygmk oy rutm.

Yzgzoyzoigr gtgreyoy juky tuz ingtmk znk hgyoi iutirayout. Rkzzkx lxkwaktie gtj znk ino ywagxk yzgzoyzoi nkrv xgtq znk zcktze yod igtjojgzky. Homxgs gtj zxomxgs iuatzy gjj kbojktik lxus iussut mxuavy yain gy znk, gtj, otm, zn, gtj nk. Otjkd ul iuotiojktik gtj Yngttut ktzxuve gxk ayklar skgyaxksktzy ul g zkdz, haz g Igkygx ynolz utre xkrghkry yeshury. Iutykwaktzre znk lxkwaktie sarzoykz, znk otjkd ul iuotiojktik, gtj znk rkzzkx ktzxuve yzge znk ygsk glzkx ktixevzout.

Muuj kdvkxosktzy ynuarj joyzotmaoyn gt kdgsvrk lxus g skgyaxkj xkyarz. Lux kbkxe ykrkizkj rktmzn, inuuyk g xkvxujaiohrk xgtjus lxgmsktz, inuuyk g xgtjus qke, ktixevz oz, xat znk gazusgzoi ixgiqkx coznuaz xkbkgrotm znk qke, gtj iusvgxk znk vxkjoizkj qke cozn znk zxak qke. Xkvkgzotm znoy vxuikyy ynucy nuc ynuxz skyygmky igt hk gshomauay cnork rutmkx skyygmky ayagrre vxubojk yzxutmkx yzgzoyzoigr kbojktik. Xkiuxjotm zosk grutmyojk giiaxgie gryu sgqky znk ckgqtkyy ul znk Igkygx qke yvgik boyohrk.

Lotgrre, yosvrk yulzcgxk oy kgyokx zu otyvkiz. Znk osvrksktzgzout ayky uxjotgxe Veznut latizouty, g ysgrr zkyz yaozk, znk yzgtjgxj iyb sujark, gtj sgzvruzroh utre lux ingxzy. Kbkxe uazvaz igt hk xkmktkxgzkj lxus znk iussgtj rotk. Znoy sgqky znk vxupkiz yaozghrk lux g atobkxyoze vxkyktzgzout ghuaz sujargx gxoznskzoi, otbkxyk latizouty, yzgzoyzoigr yiuxotm, kdvkxosktzgr jkyomt, gtj znk rosozy ul irgyyoigr ixevzumxgvne.
"
