ngram,count,frequency,percentage
THE,43,0.01625708884688091,1.625708884688091
AND,25,0.00945179584120983,0.945179584120983
ENT,24,0.009073724007561436,0.9073724007561436
ATI,15,0.005671077504725898,0.5671077504725899
ION,15,0.005671077504725898,0.5671077504725899
EST,13,0.004914933837429111,0.4914933837429111
ENC,12,0.004536862003780718,0.4536862003780718
KEY,11,0.004158790170132325,0.4158790170132325
MEN,11,0.004158790170132325,0.4158790170132325
STA,11,0.004158790170132325,0.4158790170132325
TIO,11,0.004158790170132325,0.4158790170132325
ARE,10,0.003780718336483932,0.3780718336483932
CAN,10,0.003780718336483932,0.3780718336483932
FOR,10,0.003780718336483932,0.3780718336483932
STH,10,0.003780718336483932,0.3780718336483932
TAT,10,0.003780718336483932,0.3780718336483932
TIC,10,0.003780718336483932,0.3780718336483932
ERS,9,0.003402646502835539,0.3402646502835539
ESA,9,0.003402646502835539,0.3402646502835539
ESS,9,0.003402646502835539,0.3402646502835539
ETH,9,0.003402646502835539,0.3402646502835539
IDE,9,0.003402646502835539,0.3402646502835539
ING,9,0.003402646502835539,0.3402646502835539
IST,9,0.003402646502835539,0.3402646502835539
ONS,9,0.003402646502835539,0.3402646502835539
RYP,9,0.003402646502835539,0.3402646502835539
AGE,8,0.0030245746691871457,0.30245746691871456
ERE,8,0.0030245746691871457,0.30245746691871456
ERI,8,0.0030245746691871457,0.30245746691871456
EXP,8,0.0030245746691871457,0.30245746691871456
IME,8,0.0030245746691871457,0.30245746691871456
PER,8,0.0030245746691871457,0.30245746691871456
STI,8,0.0030245746691871457,0.30245746691871456
VER,8,0.0030245746691871457,0.30245746691871456
CAL,7,0.0026465028355387526,0.26465028355387527
CRY,7,0.0026465028355387526,0.26465028355387527
ECT,7,0.0026465028355387526,0.26465028355387527
ETT,7,0.0026465028355387526,0.26465028355387527
ICA,7,0.0026465028355387526,0.26465028355387527
INA,7,0.0026465028355387526,0.26465028355387527
MES,7,0.0026465028355387526,0.26465028355387527
MPL,7,0.0026465028355387526,0.26465028355387527
NGE,7,0.0026465028355387526,0.26465028355387527
NGT,7,0.0026465028355387526,0.26465028355387527
ODU,7,0.0026465028355387526,0.26465028355387527
ONG,7,0.0026465028355387526,0.26465028355387527
PLE,7,0.0026465028355387526,0.26465028355387527
PRO,7,0.0026465028355387526,0.26465028355387527
TER,7,0.0026465028355387526,0.26465028355387527
TIS,7,0.0026465028355387526,0.26465028355387527
YPT,7,0.0026465028355387526,0.26465028355387527
AKE,6,0.002268431001890359,0.2268431001890359
ALL,6,0.002268431001890359,0.2268431001890359
ATE,6,0.002268431001890359,0.2268431001890359
BLE,6,0.002268431001890359,0.2268431001890359
COM,6,0.002268431001890359,0.2268431001890359
EAN,6,0.002268431001890359,0.2268431001890359
EME,6,0.002268431001890359,0.2268431001890359
EPR,6,0.002268431001890359,0.2268431001890359
ERA,6,0.002268431001890359,0.2268431001890359
HAN,6,0.002268431001890359,0.2268431001890359
HEL,6,0.002268431001890359,0.2268431001890359
ITH,6,0.002268431001890359,0.2268431001890359
LET,6,0.002268431001890359,0.2268431001890359
MEA,6,0.002268431001890359,0.2268431001890359
NCE,6,0.002268431001890359,0.2268431001890359
NDT,6,0.002268431001890359,0.2268431001890359
NSA,6,0.002268431001890359,0.2268431001890359
RAN,6,0.002268431001890359,0.2268431001890359
REC,6,0.002268431001890359,0.2268431001890359
RES,6,0.002268431001890359,0.2268431001890359
RIM,6,0.002268431001890359,0.2268431001890359
SAG,6,0.002268431001890359,0.2268431001890359
SHO,6,0.002268431001890359,0.2268431001890359
SSA,6,0.002268431001890359,0.2268431001890359
SSI,6,0.002268431001890359,0.2268431001890359
TAN,6,0.002268431001890359,0.2268431001890359
TED,6,0.002268431001890359,0.2268431001890359
THA,6,0.002268431001890359,0.2268431001890359
TTE,6,0.002268431001890359,0.2268431001890359
XPE,6,0.002268431001890359,0.2268431001890359
YSI,6,0.002268431001890359,0.2268431001890359
AME,5,0.001890359168241966,0.1890359168241966
ANG,5,0.001890359168241966,0.1890359168241966
CHA,5,0.001890359168241966,0.1890359168241966
CON,5,0.001890359168241966,0.1890359168241966
DEN,5,0.001890359168241966,0.1890359168241966
DIN,5,0.001890359168241966,0.1890359168241966
DUL,5,0.001890359168241966,0.1890359168241966
EAS,5,0.001890359168241966,0.1890359168241966
ECA,5,0.001890359168241966,0.1890359168241966
EKE,5,0.001890359168241966,0.1890359168241966
ESU,5,0.001890359168241966,0.1890359168241966
EVE,5,0.001890359168241966,0.1890359168241966
GRA,5,0.001890359168241966,0.1890359168241966
GTH,5,0.001890359168241966,0.1890359168241966
HEC,5,0.001890359168241966,0.1890359168241966
HEN,5,0.001890359168241966,0.1890359168241966
HES,5,0.001890359168241966,0.1890359168241966
HIS,5,0.001890359168241966,0.1890359168241966
HOW,5,0.001890359168241966,0.1890359168241966
IMP,5,0.001890359168241966,0.1890359168241966
MAT,5,0.001890359168241966,0.1890359168241966
MOD,5,0.001890359168241966,0.1890359168241966
NOT,5,0.001890359168241966,0.1890359168241966
NTA,5,0.001890359168241966,0.1890359168241966
NTS,5,0.001890359168241966,0.1890359168241966
NTY,5,0.001890359168241966,0.1890359168241966
OFT,5,0.001890359168241966,0.1890359168241966
ORD,5,0.001890359168241966,0.1890359168241966
OUT,5,0.001890359168241966,0.1890359168241966
RAC,5,0.001890359168241966,0.1890359168241966
REP,5,0.001890359168241966,0.1890359168241966
SAR,5,0.001890359168241966,0.1890359168241966
SMA,5,0.001890359168241966,0.1890359168241966
SOF,5,0.001890359168241966,0.1890359168241966
SPA,5,0.001890359168241966,0.1890359168241966
TTH,5,0.001890359168241966,0.1890359168241966
TWE,5,0.001890359168241966,0.1890359168241966
ULA,5,0.001890359168241966,0.1890359168241966
VID,5,0.001890359168241966,0.1890359168241966
WEN,5,0.001890359168241966,0.1890359168241966
ACE,4,0.0015122873345935729,0.15122873345935728
ARA,4,0.0015122873345935729,0.15122873345935728
ASS,4,0.0015122873345935729,0.15122873345935728
BER,4,0.0015122873345935729,0.15122873345935728
COR,4,0.0015122873345935729,0.15122873345935728
DEC,4,0.0015122873345935729,0.15122873345935728
DTH,4,0.0015122873345935729,0.15122873345935728
EAC,4,0.0015122873345935729,0.15122873345935728
EAR,4,0.0015122873345935729,0.15122873345935728
ECI,4,0.0015122873345935729,0.15122873345935728
EDI,4,0.0015122873345935729,0.15122873345935728
EFO,4,0.0015122873345935729,0.15122873345935728
EFU,4,0.0015122873345935729,0.15122873345935728
ELA,4,0.0015122873345935729,0.15122873345935728
EQU,4,0.0015122873345935729,0.15122873345935728
EVI,4,0.0015122873345935729,0.15122873345935728
FTH,4,0.0015122873345935729,0.15122873345935728
HER,4,0.0015122873345935729,0.15122873345935728
IBL,4,0.0015122873345935729,0.15122873345935728
INC,4,0.0015122873345935729,0.15122873345935728
LON,4,0.0015122873345935729,0.15122873345935728
MAK,4,0.0015122873345935729,0.15122873345935728
NAL,4,0.0015122873345935729,0.15122873345935728
NCR,4,0.0015122873345935729,0.15122873345935728
NDA,4,0.0015122873345935729,0.15122873345935728
NDS,4,0.0015122873345935729,0.15122873345935728
OMA,4,0.0015122873345935729,0.15122873345935728
OMP,4,0.0015122873345935729,0.15122873345935728
ONL,4,0.0015122873345935729,0.15122873345935728
OTH,4,0.0015122873345935729,0.15122873345935728
OUG,4,0.0015122873345935729,0.15122873345935728
PAC,4,0.0015122873345935729,0.15122873345935728
PRE,4,0.0015122873345935729,0.15122873345935728
QUE,4,0.0015122873345935729,0.15122873345935728
RAM,4,0.0015122873345935729,0.15122873345935728
ROU,4,0.0015122873345935729,0.15122873345935728
RSE,4,0.0015122873345935729,0.15122873345935728
SAN,4,0.0015122873345935729,0.15122873345935728
SEA,4,0.0015122873345935729,0.15122873345935728
SEF,4,0.0015122873345935729,0.15122873345935728
SIO,4,0.0015122873345935729,0.15122873345935728
SIX,4,0.0015122873345935729,0.15122873345935728
SNO,4,0.0015122873345935729,0.15122873345935728
TCH,4,0.0015122873345935729,0.15122873345935728
TES,4,0.0015122873345935729,0.15122873345935728
TIN,4,0.0015122873345935729,0.15122873345935728
TIT,4,0.0015122873345935729,0.15122873345935728
TYS,4,0.0015122873345935729,0.15122873345935728
UEN,4,0.0015122873345935729,0.15122873345935728
UGH,4,0.0015122873345935729,0.15122873345935728
ULT,4,0.0015122873345935729,0.15122873345935728
WIT,4,0.0015122873345935729,0.15122873345935728
YAN,4,0.0015122873345935729,0.15122873345935728
ABE,3,0.0011342155009451795,0.11342155009451795
ABO,3,0.0011342155009451795,0.11342155009451795
ACL,3,0.0011342155009451795,0.11342155009451795
AES,3,0.0011342155009451795,0.11342155009451795
AIN,3,0.0011342155009451795,0.11342155009451795
ALI,3,0.0011342155009451795,0.11342155009451795
ANA,3,0.0011342155009451795,0.11342155009451795
ANB,3,0.0011342155009451795,0.11342155009451795
ANT,3,0.0011342155009451795,0.11342155009451795
ASE,3,0.0011342155009451795,0.11342155009451795
ASU,3,0.0011342155009451795,0.11342155009451795
BOU,3,0.0011342155009451795,0.11342155009451795
BUT,3,0.0011342155009451795,0.11342155009451795
CAE,3,0.0011342155009451795,0.11342155009451795
CIE,3,0.0011342155009451795,0.11342155009451795
CIP,3,0.0011342155009451795,0.11342155009451795
CIS,3,0.0011342155009451795,0.11342155009451795
CLA,3,0.0011342155009451795,0.11342155009451795
CLU,3,0.0011342155009451795,0.11342155009451795
CTI,3,0.0011342155009451795,0.11342155009451795
CUR,3,0.0011342155009451795,0.11342155009451795
DAT,3,0.0011342155009451795,0.11342155009451795
DEA,3,0.0011342155009451795,0.11342155009451795
DES,3,0.0011342155009451795,0.11342155009451795
DEX,3,0.0011342155009451795,0.11342155009451795
DOM,3,0.0011342155009451795,0.11342155009451795
ECO,3,0.0011342155009451795,0.11342155009451795
EFR,3,0.0011342155009451795,0.11342155009451795
EIN,3,0.0011342155009451795,0.11342155009451795
EIS,3,0.0011342155009451795,0.11342155009451795
ELE,3,0.0011342155009451795,0.11342155009451795
ENG,3,0.0011342155009451795,0.11342155009451795
ERY,3,0.0011342155009451795,0.11342155009451795
ESO,3,0.0011342155009451795,0.11342155009451795
ETI,3,0.0011342155009451795,0.11342155009451795
EXT,3,0.0011342155009451795,0.11342155009451795
EYM,3,0.0011342155009451795,0.11342155009451795
EYS,3,0.0011342155009451795,0.11342155009451795
FRE,3,0.0011342155009451795,0.11342155009451795
FRO,3,0.0011342155009451795,0.11342155009451795
FUN,3,0.0011342155009451795,0.11342155009451795
GER,3,0.0011342155009451795,0.11342155009451795
GES,3,0.0011342155009451795,0.11342155009451795
GHT,3,0.0011342155009451795,0.11342155009451795
HAT,3,0.0011342155009451795,0.11342155009451795
HEI,3,0.0011342155009451795,0.11342155009451795
HEK,3,0.0011342155009451795,0.11342155009451795
HET,3,0.0011342155009451795,0.11342155009451795
HIF,3,0.0011342155009451795,0.11342155009451795
HOU,3,0.0011342155009451795,0.11342155009451795
ICI,3,0.0011342155009451795,0.11342155009451795
IFT,3,0.0011342155009451795,0.11342155009451795
INV,3,0.0011342155009451795,0.11342155009451795
IPH,3,0.0011342155009451795,0.11342155009451795
ISE,3,0.0011342155009451795,0.11342155009451795
ISI,3,0.0011342155009451795,0.11342155009451795
IVE,3,0.0011342155009451795,0.11342155009451795
KES,3,0.0011342155009451795,0.11342155009451795
LAI,3,0.0011342155009451795,0.11342155009451795
LAN,3,0.0011342155009451795,0.11342155009451795
LAR,3,0.0011342155009451795,0.11342155009451795
LAS,3,0.0011342155009451795,0.11342155009451795
LEF,3,0.0011342155009451795,0.11342155009451795
LIS,3,0.0011342155009451795,0.11342155009451795
LOT,3,0.0011342155009451795,0.11342155009451795
LSO,3,0.0011342155009451795,0.11342155009451795
LYT,3,0.0011342155009451795,0.11342155009451795
MAL,3,0.0011342155009451795,0.11342155009451795
MAN,3,0.0011342155009451795,0.11342155009451795
MBE,3,0.0011342155009451795,0.11342155009451795
MET,3,0.0011342155009451795,0.11342155009451795
MUL,3,0.0011342155009451795,0.11342155009451795
NAR,3,0.0011342155009451795,0.11342155009451795
NBE,3,0.0011342155009451795,0.11342155009451795
NCI,3,0.0011342155009451795,0.11342155009451795
NCO,3,0.0011342155009451795,0.11342155009451795
NCT,3,0.0011342155009451795,0.11342155009451795
NDE,3,0.0011342155009451795,0.11342155009451795
NDI,3,0.0011342155009451795,0.11342155009451795
NDO,3,0.0011342155009451795,0.11342155009451795
NGU,3,0.0011342155009451795,0.11342155009451795
NLY,3,0.0011342155009451795,0.11342155009451795
NTH,3,0.0011342155009451795,0.11342155009451795
NTI,3,0.0011342155009451795,0.11342155009451795
NTR,3,0.0011342155009451795,0.11342155009451795
NUM,3,0.0011342155009451795,0.11342155009451795
NVE,3,0.0011342155009451795,0.11342155009451795
OFC,3,0.0011342155009451795,0.11342155009451795
OIN,3,0.0011342155009451795,0.11342155009451795
OME,3,0.0011342155009451795,0.11342155009451795
ORI,3,0.0011342155009451795,0.11342155009451795
ORM,3,0.0011342155009451795,0.11342155009451795
ORT,3,0.0011342155009451795,0.11342155009451795
OUN,3,0.0011342155009451795,0.11342155009451795
OWS,3,0.0011342155009451795,0.11342155009451795
PAR,3,0.0011342155009451795,0.11342155009451795
PHE,3,0.0011342155009451795,0.11342155009451795
PTI,3,0.0011342155009451795,0.11342155009451795
RAR,3,0.0011342155009451795,0.11342155009451795
RAT,3,0.0011342155009451795,0.11342155009451795
RDI,3,0.0011342155009451795,0.11342155009451795
REQ,3,0.0011342155009451795,0.11342155009451795
RIG,3,0.0011342155009451795,0.11342155009451795
RIT,3,0.0011342155009451795,0.11342155009451795
ROM,3,0.0011342155009451795,0.11342155009451795
RST,3,0.0011342155009451795,0.11342155009451795
SAM,3,0.0011342155009451795,0.11342155009451795
SAS,3,0.0011342155009451795,0.11342155009451795
SCO,3,0.0011342155009451795,0.11342155009451795
SES,3,0.0011342155009451795,0.11342155009451795
SHI,3,0.0011342155009451795,0.11342155009451795
SIB,3,0.0011342155009451795,0.11342155009451795
SIC,3,0.0011342155009451795,0.11342155009451795
SIM,3,0.0011342155009451795,0.11342155009451795
STE,3,0.0011342155009451795,0.11342155009451795
STR,3,0.0011342155009451795,0.11342155009451795
SUL,3,0.0011342155009451795,0.11342155009451795
SUR,3,0.0011342155009451795,0.11342155009451795
TAC,3,0.0011342155009451795,0.11342155009451795
TEX,3,0.0011342155009451795,0.11342155009451795
TFO,3,0.0011342155009451795,0.11342155009451795
THI,3,0.0011342155009451795,0.11342155009451795
THO,3,0.0011342155009451795,0.11342155009451795
TIM,3,0.0011342155009451795,0.11342155009451795
TOM,3,0.0011342155009451795,0.11342155009451795
TRA,3,0.0011342155009451795,0.11342155009451795
TRO,3,0.0011342155009451795,0.11342155009451795
TSA,3,0.0011342155009451795,0.11342155009451795
TSU,3,0.0011342155009451795,0.11342155009451795
UMB,3,0.0011342155009451795,0.11342155009451795
UNC,3,0.0011342155009451795,0.11342155009451795
URE,3,0.0011342155009451795,0.11342155009451795
USE,3,0.0011342155009451795,0.11342155009451795
YMO,3,0.0011342155009451795,0.11342155009451795
YSP,3,0.0011342155009451795,0.11342155009451795
YTH,3,0.0011342155009451795,0.11342155009451795
ABL,2,0.0007561436672967864,0.07561436672967864
ACA,2,0.0007561436672967864,0.07561436672967864
ACK,2,0.0007561436672967864,0.07561436672967864
ACT,2,0.0007561436672967864,0.07561436672967864
ADD,2,0.0007561436672967864,0.07561436672967864
ALC,2,0.0007561436672967864,0.07561436672967864
ALE,2,0.0007561436672967864,0.07561436672967864
ALM,2,0.0007561436672967864,0.07561436672967864
ALS,2,0.0007561436672967864,0.07561436672967864
ANC,2,0.0007561436672967864,0.07561436672967864
ANE,2,0.0007561436672967864,0.07561436672967864
ANO,2,0.0007561436672967864,0.07561436672967864
ANS,2,0.0007561436672967864,0.07561436672967864
ARC,2,0.0007561436672967864,0.07561436672967864
ARD,2,0.0007561436672967864,0.07561436672967864
ARI,2,0.0007561436672967864,0.07561436672967864
ART,2,0.0007561436672967864,0.07561436672967864
ARY,2,0.0007561436672967864,0.07561436672967864
ASI,2,0.0007561436672967864,0.07561436672967864
ASM,2,0.0007561436672967864,0.07561436672967864
AST,2,0.0007561436672967864,0.07561436672967864
ATA,2,0.0007561436672967864,0.07561436672967864
ATH,2,0.0007561436672967864,0.07561436672967864
ATT,2,0.0007561436672967864,0.07561436672967864
BAS,2,0.0007561436672967864,0.07561436672967864
BEL,2,0.0007561436672967864,0.07561436672967864
BIG,2,0.0007561436672967864,0.07561436672967864
BOL,2,0.0007561436672967864,0.07561436672967864
CCU,2,0.0007561436672967864,0.07561436672967864
CEA,2,0.0007561436672967864,0.07561436672967864
CES,2,0.0007561436672967864,0.07561436672967864
CHI,2,0.0007561436672967864,0.07561436672967864
CHO,2,0.0007561436672967864,0.07561436672967864
CIB,2,0.0007561436672967864,0.07561436672967864
CID,2,0.0007561436672967864,0.07561436672967864
CIN,2,0.0007561436672967864,0.07561436672967864
CKE,2,0.0007561436672967864,0.07561436672967864
COI,2,0.0007561436672967864,0.07561436672967864
CSV,2,0.0007561436672967864,0.07561436672967864
CTE,2,0.0007561436672967864,0.07561436672967864
CTS,2,0.0007561436672967864,0.07561436672967864
CTT,2,0.0007561436672967864,0.07561436672967864
CYA,2,0.0007561436672967864,0.07561436672967864
DID,2,0.0007561436672967864,0.07561436672967864
DIS,2,0.0007561436672967864,0.07561436672967864
DOE,2,0.0007561436672967864,0.07561436672967864
DRE,2,0.0007561436672967864,0.07561436672967864
DTR,2,0.0007561436672967864,0.07561436672967864
DUC,2,0.0007561436672967864,0.07561436672967864
EAL,2,0.0007561436672967864,0.07561436672967864
EBA,2,0.0007561436672967864,0.07561436672967864
ECR,2,0.0007561436672967864,0.07561436672967864
EEX,2,0.0007561436672967864,0.07561436672967864
EGO,2,0.0007561436672967864,0.07561436672967864
EHO,2,0.0007561436672967864,0.07561436672967864
ELS,2,0.0007561436672967864,0.07561436672967864
ELY,2,0.0007561436672967864,0.07561436672967864
ENA,2,0.0007561436672967864,0.07561436672967864
ENO,2,0.0007561436672967864,0.07561436672967864
EOF,2,0.0007561436672967864,0.07561436672967864
EOR,2,0.0007561436672967864,0.07561436672967864
ERV,2,0.0007561436672967864,0.07561436672967864
ESC,2,0.0007561436672967864,0.07561436672967864
ESE,2,0.0007561436672967864,0.07561436672967864
ESI,2,0.0007561436672967864,0.07561436672967864
ESN,2,0.0007561436672967864,0.07561436672967864
ETW,2,0.0007561436672967864,0.07561436672967864
EWI,2,0.0007561436672967864,0.07561436672967864
EXO,2,0.0007561436672967864,0.07561436672967864
FCO,2,0.0007561436672967864,0.07561436672967864
FIC,2,0.0007561436672967864,0.07561436672967864
FUL,2,0.0007561436672967864,0.07561436672967864
GEI,2,0.0007561436672967864,0.07561436672967864
GEN,2,0.0007561436672967864,0.07561436672967864
GET,2,0.0007561436672967864,0.07561436672967864
GIN,2,0.0007561436672967864,0.07561436672967864
GNA,2,0.0007561436672967864,0.07561436672967864
GOA,2,0.0007561436672967864,0.07561436672967864
GOO,2,0.0007561436672967864,0.07561436672967864
GTI,2,0.0007561436672967864,0.07561436672967864
GUA,2,0.0007561436672967864,0.07561436672967864
HAS,2,0.0007561436672967864,0.07561436672967864
HEA,2,0.0007561436672967864,0.07561436672967864
HEF,2,0.0007561436672967864,0.07561436672967864
HEG,2,0.0007561436672967864,0.07561436672967864
HEM,2,0.0007561436672967864,0.07561436672967864
HEO,2,0.0007561436672967864,0.07561436672967864
HEP,2,0.0007561436672967864,0.07561436672967864
HME,2,0.0007561436672967864,0.07561436672967864
HOO,2,0.0007561436672967864,0.07561436672967864
HRO,2,0.0007561436672967864,0.07561436672967864
HTH,2,0.0007561436672967864,0.07561436672967864
IBI,2,0.0007561436672967864,0.07561436672967864
ICC,2,0.0007561436672967864,0.07561436672967864
IDA,2,0.0007561436672967864,0.07561436672967864
IEN,2,0.0007561436672967864,0.07561436672967864
IES,2,0.0007561436672967864,0.07561436672967864
IGI,2,0.0007561436672967864,0.07561436672967864
IGN,2,0.0007561436672967864,0.07561436672967864
IGR,2,0.0007561436672967864,0.07561436672967864
ILE,2,0.0007561436672967864,0.07561436672967864
IND,2,0.0007561436672967864,0.07561436672967864
INE,2,0.0007561436672967864,0.07561436672967864
INS,2,0.0007561436672967864,0.07561436672967864
ISH,2,0.0007561436672967864,0.07561436672967864
ISL,2,0.0007561436672967864,0.07561436672967864
ISM,2,0.0007561436672967864,0.07561436672967864
ISN,2,0.0007561436672967864,0.07561436672967864
ISP,2,0.0007561436672967864,0.07561436672967864
ISQ,2,0.0007561436672967864,0.07561436672967864
ITD,2,0.0007561436672967864,0.07561436672967864
ITS,2,0.0007561436672967864,0.07561436672967864
ITY,2,0.0007561436672967864,0.07561436672967864
IXT,2,0.0007561436672967864,0.07561436672967864
KER,2,0.0007561436672967864,0.07561436672967864
LAB,2,0.0007561436672967864,0.07561436672967864
LEA,2,0.0007561436672967864,0.07561436672967864
LEM,2,0.0007561436672967864,0.07561436672967864
LEN,2,0.0007561436672967864,0.07561436672967864
LER,2,0.0007561436672967864,0.07561436672967864
LES,2,0.0007561436672967864,0.07561436672967864
LEV,2,0.0007561436672967864,0.07561436672967864
LEX,2,0.0007561436672967864,0.07561436672967864
LIN,2,0.0007561436672967864,0.07561436672967864
LLY,2,0.0007561436672967864,0.07561436672967864
LME,2,0.0007561436672967864,0.07561436672967864
LSC,2,0.0007561436672967864,0.07561436672967864
LTE,2,0.0007561436672967864,0.07561436672967864
LTI,2,0.0007561436672967864,0.07561436672967864
LUS,2,0.0007561436672967864,0.07561436672967864
LYS,2,0.0007561436672967864,0.07561436672967864
MBO,2,0.0007561436672967864,0.07561436672967864
MCO,2,0.0007561436672967864,0.07561436672967864
MED,2,0.0007561436672967864,0.07561436672967864
MEX,2,0.0007561436672967864,0.07561436672967864
MPA,2,0.0007561436672967864,0.07561436672967864
MTH,2,0.0007561436672967864,0.07561436672967864
NAB,2,0.0007561436672967864,0.07561436672967864
NAT,2,0.0007561436672967864,0.07561436672967864
NCL,2,0.0007561436672967864,0.07561436672967864
NCY,2,0.0007561436672967864,0.07561436672967864
NEN,2,0.0007561436672967864,0.07561436672967864
NGR,2,0.0007561436672967864,0.07561436672967864
NGS,2,0.0007561436672967864,0.07561436672967864
NOU,2,0.0007561436672967864,0.07561436672967864
NSS,2,0.0007561436672967864,0.07561436672967864
NST,2,0.0007561436672967864,0.07561436672967864
NTC,2,0.0007561436672967864,0.07561436672967864
NTE,2,0.0007561436672967864,0.07561436672967864
OAL,2,0.0007561436672967864,0.07561436672967864
ODE,2,0.0007561436672967864,0.07561436672967864
OES,2,0.0007561436672967864,0.07561436672967864
OFA,2,0.0007561436672967864,0.07561436672967864
OGR,2,0.0007561436672967864,0.07561436672967864
OLS,2,0.0007561436672967864,0.07561436672967864
OMM,2,0.0007561436672967864,0.07561436672967864
ONC,2,0.0007561436672967864,0.07561436672967864
ONT,2,0.0007561436672967864,0.07561436672967864
OOD,2,0.0007561436672967864,0.07561436672967864
OOS,2,0.0007561436672967864,0.07561436672967864
OPE,2,0.0007561436672967864,0.07561436672967864
OPY,2,0.0007561436672967864,0.07561436672967864
ORA,2,0.0007561436672967864,0.07561436672967864
ORC,2,0.0007561436672967864,0.07561436672967864
OSE,2,0.0007561436672967864,0.07561436672967864
OSS,2,0.0007561436672967864,0.07561436672967864
OTC,2,0.0007561436672967864,0.07561436672967864
OTW,2,0.0007561436672967864,0.07561436672967864
OUL,2,0.0007561436672967864,0.07561436672967864
OVI,2,0.0007561436672967864,0.07561436672967864
PLA,2,0.0007561436672967864,0.07561436672967864
POR,2,0.0007561436672967864,0.07561436672967864
POS,2,0.0007561436672967864,0.07561436672967864
PRA,2,0.0007561436672967864,0.07561436672967864
QUA,2,0.0007561436672967864,0.07561436672967864
RCH,2,0.0007561436672967864,0.07561436672967864
REA,2,0.0007561436672967864,0.07561436672967864
RED,2,0.0007561436672967864,0.07561436672967864
REI,2,0.0007561436672967864,0.07561436672967864
REN,2,0.0007561436672967864,0.07561436672967864
RET,2,0.0007561436672967864,0.07561436672967864
REV,2,0.0007561436672967864,0.07561436672967864
RIB,2,0.0007561436672967864,0.07561436672967864
RIS,2,0.0007561436672967864,0.07561436672967864
RMU,2,0.0007561436672967864,0.07561436672967864
RNS,2,0.0007561436672967864,0.07561436672967864
ROD,2,0.0007561436672967864,0.07561436672967864
ROP,2,0.0007561436672967864,0.07561436672967864
ROV,2,0.0007561436672967864,0.07561436672967864
RTO,2,0.0007561436672967864,0.07561436672967864
RUN,2,0.0007561436672967864,0.07561436672967864
SAB,2,0.0007561436672967864,0.07561436672967864
SCA,2,0.0007561436672967864,0.07561436672967864
SEL,2,0.0007561436672967864,0.07561436672967864
SEN,2,0.0007561436672967864,0.07561436672967864
SHA,2,0.0007561436672967864,0.07561436672967864
SIG,2,0.0007561436672967864,0.07561436672967864
SIN,2,0.0007561436672967864,0.07561436672967864
SIS,2,0.0007561436672967864,0.07561436672967864
SLO,2,0.0007561436672967864,0.07561436672967864
SQU,2,0.0007561436672967864,0.07561436672967864
SRE,2,0.0007561436672967864,0.07561436672967864
SSH,2,0.0007561436672967864,0.07561436672967864
SST,2,0.0007561436672967864,0.07561436672967864
SUI,2,0.0007561436672967864,0.07561436672967864
SUS,2,0.0007561436672967864,0.07561436672967864
SYM,2,0.0007561436672967864,0.07561436672967864
TAS,2,0.0007561436672967864,0.07561436672967864
TCA,2,0.0007561436672967864,0.07561436672967864
TEL,2,0.0007561436672967864,0.07561436672967864
TET,2,0.0007561436672967864,0.07561436672967864
THC,2,0.0007561436672967864,0.07561436672967864
THM,2,0.0007561436672967864,0.07561436672967864
THR,2,0.0007561436672967864,0.07561436672967864
TLY,2,0.0007561436672967864,0.07561436672967864
TMO,2,0.0007561436672967864,0.07561436672967864
TOE,2,0.0007561436672967864,0.07561436672967864
TRI,2,0.0007561436672967864,0.07561436672967864
TRU,2,0.0007561436672967864,0.07561436672967864
TSH,2,0.0007561436672967864,0.07561436672967864
TSI,2,0.0007561436672967864,0.07561436672967864
TSO,2,0.0007561436672967864,0.07561436672967864
UAG,2,0.0007561436672967864,0.07561436672967864
UAR,2,0.0007561436672967864,0.07561436672967864
UCI,2,0.0007561436672967864,0.07561436672967864
UES,2,0.0007561436672967864,0.07561436672967864
UIT,2,0.0007561436672967864,0.07561436672967864
ULD,2,0.0007561436672967864,0.07561436672967864
ULO,2,0.0007561436672967864,0.07561436672967864
UND,2,0.0007561436672967864,0.07561436672967864
UNT,2,0.0007561436672967864,0.07561436672967864
USI,2,0.0007561436672967864,0.07561436672967864
UTI,2,0.0007561436672967864,0.07561436672967864
UTM,2,0.0007561436672967864,0.07561436672967864
VES,2,0.0007561436672967864,0.07561436672967864
WHE,2,0.0007561436672967864,0.07561436672967864
WSH,2,0.0007561436672967864,0.07561436672967864
XOF,2,0.0007561436672967864,0.07561436672967864
XPL,2,0.0007561436672967864,0.07561436672967864
XTO,2,0.0007561436672967864,0.07561436672967864
YAL,2,0.0007561436672967864,0.07561436672967864
YMB,2,0.0007561436672967864,0.07561436672967864
YPR,2,0.0007561436672967864,0.07561436672967864
YRE,2,0.0007561436672967864,0.07561436672967864
YST,2,0.0007561436672967864,0.07561436672967864
ABS,1,0.0003780718336483932,0.03780718336483932
ACC,1,0.0003780718336483932,0.03780718336483932
ACH,1,0.0003780718336483932,0.03780718336483932
ACI,1,0.0003780718336483932,0.03780718336483932
ACO,1,0.0003780718336483932,0.03780718336483932
ACY,1,0.0003780718336483932,0.03780718336483932
AFF,1,0.0003780718336483932,0.03780718336483932
AFT,1,0.0003780718336483932,0.03780718336483932
AGM,1,0.0003780718336483932,0.03780718336483932
AGO,1,0.0003780718336483932,0.03780718336483932
AIM,1,0.0003780718336483932,0.03780718336483932
AKN,1,0.0003780718336483932,0.03780718336483932
ALA,1,0.0003780718336483932,0.03780718336483932
ALD,1,0.0003780718336483932,0.03780718336483932
ALG,1,0.0003780718336483932,0.03780718336483932
ALO,1,0.0003780718336483932,0.03780718336483932
ALP,1,0.0003780718336483932,0.03780718336483932
ALT,1,0.0003780718336483932,0.03780718336483932
ALY,1,0.0003780718336483932,0.03780718336483932
AMA,1,0.0003780718336483932,0.03780718336483932
AMB,1,0.0003780718336483932,0.03780718336483932
AMC,1,0.0003780718336483932,0.03780718336483932
AMP,1,0.0003780718336483932,0.03780718336483932
AMS,1,0.0003780718336483932,0.03780718336483932
AMW,1,0.0003780718336483932,0.03780718336483932
ANK,1,0.0003780718336483932,0.03780718336483932
ANN,1,0.0003780718336483932,0.03780718336483932
ANP,1,0.0003780718336483932,0.03780718336483932
ANU,1,0.0003780718336483932,0.03780718336483932
ANY,1,0.0003780718336483932,0.03780718336483932
APH,1,0.0003780718336483932,0.03780718336483932
APR,1,0.0003780718336483932,0.03780718336483932
ARK,1,0.0003780718336483932,0.03780718336483932
ARO,1,0.0003780718336483932,0.03780718336483932
ARS,1,0.0003780718336483932,0.03780718336483932
ASA,1,0.0003780718336483932,0.03780718336483932
ASH,1,0.0003780718336483932,0.03780718336483932
ATC,1,0.0003780718336483932,0.03780718336483932
ATN,1,0.0003780718336483932,0.03780718336483932
ATO,1,0.0003780718336483932,0.03780718336483932
ATP,1,0.0003780718336483932,0.03780718336483932
AUN,1,0.0003780718336483932,0.03780718336483932
AUT,1,0.0003780718336483932,0.03780718336483932
AVE,1,0.0003780718336483932,0.03780718336483932
AYT,1,0.0003780718336483932,0.03780718336483932
BEA,1,0.0003780718336483932,0.03780718336483932
BEE,1,0.0003780718336483932,0.03780718336483932
BET,1,0.0003780718336483932,0.03780718336483932
BIL,1,0.0003780718336483932,0.03780718336483932
BIN,1,0.0003780718336483932,0.03780718336483932
BON,1,0.0003780718336483932,0.03780718336483932
BOT,1,0.0003780718336483932,0.03780718336483932
BRU,1,0.0003780718336483932,0.03780718336483932
BSE,1,0.0003780718336483932,0.03780718336483932
BST,1,0.0003780718336483932,0.03780718336483932
BTR,1,0.0003780718336483932,0.03780718336483932
BYA,1,0.0003780718336483932,0.03780718336483932
CAS,1,0.0003780718336483932,0.03780718336483932
CCO,1,0.0003780718336483932,0.03780718336483932
CCR,1,0.0003780718336483932,0.03780718336483932
CEC,1,0.0003780718336483932,0.03780718336483932
CEF,1,0.0003780718336483932,0.03780718336483932
CEM,1,0.0003780718336483932,0.03780718336483932
CEO,1,0.0003780718336483932,0.03780718336483932
CER,1,0.0003780718336483932,0.03780718336483932
CET,1,0.0003780718336483932,0.03780718336483932
CEV,1,0.0003780718336483932,0.03780718336483932
CEW,1,0.0003780718336483932,0.03780718336483932
CHE,1,0.0003780718336483932,0.03780718336483932
CHL,1,0.0003780718336483932,0.03780718336483932
CHS,1,0.0003780718336483932,0.03780718336483932
CIR,1,0.0003780718336483932,0.03780718336483932
CLE,1,0.0003780718336483932,0.03780718336483932
COU,1,0.0003780718336483932,0.03780718336483932
CPR,1,0.0003780718336483932,0.03780718336483932
CRA,1,0.0003780718336483932,0.03780718336483932
CRI,1,0.0003780718336483932,0.03780718336483932
CSG,1,0.0003780718336483932,0.03780718336483932
CTA,1,0.0003780718336483932,0.03780718336483932
CTD,1,0.0003780718336483932,0.03780718336483932
CTF,1,0.0003780718336483932,0.03780718336483932
CTL,1,0.0003780718336483932,0.03780718336483932
CUL,1,0.0003780718336483932,0.03780718336483932
CUM,1,0.0003780718336483932,0.03780718336483932
CYM,1,0.0003780718336483932,0.03780718336483932
DAC,1,0.0003780718336483932,0.03780718336483932
DAK,1,0.0003780718336483932,0.03780718336483932
DAN,1,0.0003780718336483932,0.03780718336483932
DAR,1,0.0003780718336483932,0.03780718336483932
DBO,1,0.0003780718336483932,0.03780718336483932
DBY,1,0.0003780718336483932,0.03780718336483932
DCA,1,0.0003780718336483932,0.03780718336483932
DCO,1,0.0003780718336483932,0.03780718336483932
DCS,1,0.0003780718336483932,0.03780718336483932
DDE,1,0.0003780718336483932,0.03780718336483932
DDI,1,0.0003780718336483932,0.03780718336483932
DDT,1,0.0003780718336483932,0.03780718336483932
DER,1,0.0003780718336483932,0.03780718336483932
DEV,1,0.0003780718336483932,0.03780718336483932
DFR,1,0.0003780718336483932,0.03780718336483932
DGE,1,0.0003780718336483932,0.03780718336483932
DHE,1,0.0003780718336483932,0.03780718336483932
DIA,1,0.0003780718336483932,0.03780718336483932
DIC,1,0.0003780718336483932,0.03780718336483932
DIR,1,0.0003780718336483932,0.03780718336483932
DKE,1,0.0003780718336483932,0.03780718336483932
DLE,1,0.0003780718336483932,0.03780718336483932
DLI,1,0.0003780718336483932,0.03780718336483932
DMA,1,0.0003780718336483932,0.03780718336483932
DME,1,0.0003780718336483932,0.03780718336483932
DNG,1,0.0003780718336483932,0.03780718336483932
DOC,1,0.0003780718336483932,0.03780718336483932
DON,1,0.0003780718336483932,0.03780718336483932
DRU,1,0.0003780718336483932,0.03780718336483932
DSA,1,0.0003780718336483932,0.03780718336483932
DSC,1,0.0003780718336483932,0.03780718336483932
DSH,1,0.0003780718336483932,0.03780718336483932
DST,1,0.0003780718336483932,0.03780718336483932
DSU,1,0.0003780718336483932,0.03780718336483932
DTO,1,0.0003780718336483932,0.03780718336483932
DWH,1,0.0003780718336483932,0.03780718336483932
EAF,1,0.0003780718336483932,0.03780718336483932
EAK,1,0.0003780718336483932,0.03780718336483932
EAM,1,0.0003780718336483932,0.03780718336483932
EAT,1,0.0003780718336483932,0.03780718336483932
EAU,1,0.0003780718336483932,0.03780718336483932
ECH,1,0.0003780718336483932,0.03780718336483932
ECU,1,0.0003780718336483932,0.03780718336483932
EDA,1,0.0003780718336483932,0.03780718336483932
EDB,1,0.0003780718336483932,0.03780718336483932
EDE,1,0.0003780718336483932,0.03780718336483932
EDF,1,0.0003780718336483932,0.03780718336483932
EDG,1,0.0003780718336483932,0.03780718336483932
EDK,1,0.0003780718336483932,0.03780718336483932
EDL,1,0.0003780718336483932,0.03780718336483932
EDM,1,0.0003780718336483932,0.03780718336483932
EDO,1,0.0003780718336483932,0.03780718336483932
EDR,1,0.0003780718336483932,0.03780718336483932
EED,1,0.0003780718336483932,0.03780718336483932
EEN,1,0.0003780718336483932,0.03780718336483932
EEP,1,0.0003780718336483932,0.03780718336483932
EFI,1,0.0003780718336483932,0.03780718336483932
EGE,1,0.0003780718336483932,0.03780718336483932
EIM,1,0.0003780718336483932,0.03780718336483932
ELI,1,0.0003780718336483932,0.03780718336483932
ELO,1,0.0003780718336483932,0.03780718336483932
ELP,1,0.0003780718336483932,0.03780718336483932
EMA,1,0.0003780718336483932,0.03780718336483932
EMT,1,0.0003780718336483932,0.03780718336483932
ENE,1,0.0003780718336483932,0.03780718336483932
ENU,1,0.0003780718336483932,0.03780718336483932
ENW,1,0.0003780718336483932,0.03780718336483932
EPE,1,0.0003780718336483932,0.03780718336483932
EPO,1,0.0003780718336483932,0.03780718336483932
ERC,1,0.0003780718336483932,0.03780718336483932
ERF,1,0.0003780718336483932,0.03780718336483932
ERM,1,0.0003780718336483932,0.03780718336483932
ERN,1,0.0003780718336483932,0.03780718336483932
ERO,1,0.0003780718336483932,0.03780718336483932
ERT,1,0.0003780718336483932,0.03780718336483932
ERU,1,0.0003780718336483932,0.03780718336483932
ERW,1,0.0003780718336483932,0.03780718336483932
ESB,1,0.0003780718336483932,0.03780718336483932
ESD,1,0.0003780718336483932,0.03780718336483932
ESK,1,0.0003780718336483932,0.03780718336483932
ESM,1,0.0003780718336483932,0.03780718336483932
ETE,1,0.0003780718336483932,0.03780718336483932
ETR,1,0.0003780718336483932,0.03780718336483932
ETU,1,0.0003780718336483932,0.03780718336483932
EUS,1,0.0003780718336483932,0.03780718336483932
EWE,1,0.0003780718336483932,0.03780718336483932
EWH,1,0.0003780718336483932,0.03780718336483932
EWO,1,0.0003780718336483932,0.03780718336483932
EXA,1,0.0003780718336483932,0.03780718336483932
EXS,1,0.0003780718336483932,0.03780718336483932
EYA,1,0.0003780718336483932,0.03780718336483932
EYC,1,0.0003780718336483932,0.03780718336483932
EYE,1,0.0003780718336483932,0.03780718336483932
EYR,1,0.0003780718336483932,0.03780718336483932
EYW,1,0.0003780718336483932,0.03780718336483932
FAG,1,0.0003780718336483932,0.03780718336483932
FAT,1,0.0003780718336483932,0.03780718336483932
FCL,1,0.0003780718336483932,0.03780718336483932
FEC,1,0.0003780718336483932,0.03780718336483932
FFE,1,0.0003780718336483932,0.03780718336483932
FFI,1,0.0003780718336483932,0.03780718336483932
FIL,1,0.0003780718336483932,0.03780718336483932
FIN,1,0.0003780718336483932,0.03780718336483932
FIR,1,0.0003780718336483932,0.03780718336483932
FIV,1,0.0003780718336483932,0.03780718336483932
FLE,1,0.0003780718336483932,0.03780718336483932
FON,1,0.0003780718336483932,0.03780718336483932
FRA,1,0.0003780718336483932,0.03780718336483932
FTC,1,0.0003780718336483932,0.03780718336483932
FTE,1,0.0003780718336483932,0.03780718336483932
FTO,1,0.0003780718336483932,0.03780718336483932
FTS,1,0.0003780718336483932,0.03780718336483932
FTW,1,0.0003780718336483932,0.03780718336483932
GAN,1,0.0003780718336483932,0.03780718336483932
GEC,1,0.0003780718336483932,0.03780718336483932
GEF,1,0.0003780718336483932,0.03780718336483932
GEH,1,0.0003780718336483932,0.03780718336483932
GEO,1,0.0003780718336483932,0.03780718336483932
GEX,1,0.0003780718336483932,0.03780718336483932
GHZ,1,0.0003780718336483932,0.03780718336483932
GIV,1,0.0003780718336483932,0.03780718336483932
GLI,1,0.0003780718336483932,0.03780718336483932
GME,1,0.0003780718336483932,0.03780718336483932
GPA,1,0.0003780718336483932,0.03780718336483932
GRO,1,0.0003780718336483932,0.03780718336483932
GSI,1,0.0003780718336483932,0.03780718336483932
GST,1,0.0003780718336483932,0.03780718336483932
GUE,1,0.0003780718336483932,0.03780718336483932
GUI,1,0.0003780718336483932,0.03780718336483932
GUO,1,0.0003780718336483932,0.03780718336483932
HAB,1,0.0003780718336483932,0.03780718336483932
HAF,1,0.0003780718336483932,0.03780718336483932
HAR,1,0.0003780718336483932,0.03780718336483932
HCH,1,0.0003780718336483932,0.03780718336483932
HCO,1,0.0003780718336483932,0.03780718336483932
HEB,1,0.0003780718336483932,0.03780718336483932
HED,1,0.0003780718336483932,0.03780718336483932
HEE,1,0.0003780718336483932,0.03780718336483932
HEW,1,0.0003780718336483932,0.03780718336483932
HFR,1,0.0003780718336483932,0.03780718336483932
HIL,1,0.0003780718336483932,0.03780718336483932
HLE,1,0.0003780718336483932,0.03780718336483932
HOD,1,0.0003780718336483932,0.03780718336483932
HON,1,0.0003780718336483932,0.03780718336483932
HOR,1,0.0003780718336483932,0.03780718336483932
HSP,1,0.0003780718336483932,0.03780718336483932
HTO,1,0.0003780718336483932,0.03780718336483932
HTW,1,0.0003780718336483932,0.03780718336483932
HYA,1,0.0003780718336483932,0.03780718336483932
HZT,1,0.0003780718336483932,0.03780718336483932
IAT,1,0.0003780718336483932,0.03780718336483932
IBO,1,0.0003780718336483932,0.03780718336483932
IBU,1,0.0003780718336483932,0.03780718336483932
ICH,1,0.0003780718336483932,0.03780718336483932
ICP,1,0.0003780718336483932,0.03780718336483932
ICS,1,0.0003780718336483932,0.03780718336483932
ICT,1,0.0003780718336483932,0.03780718336483932
IER,1,0.0003780718336483932,0.03780718336483932
IEW,1,0.0003780718336483932,0.03780718336483932
IFI,1,0.0003780718336483932,0.03780718336483932
IGU,1,0.0003780718336483932,0.03780718336483932
ILI,1,0.0003780718336483932,0.03780718336483932
IMI,1,0.0003780718336483932,0.03780718336483932
IMM,1,0.0003780718336483932,0.03780718336483932
INO,1,0.0003780718336483932,0.03780718336483932
IRC,1,0.0003780718336483932,0.03780718336483932
IRE,1,0.0003780718336483932,0.03780718336483932
IRS,1,0.0003780718336483932,0.03780718336483932
ISD,1,0.0003780718336483932,0.03780718336483932
ISR,1,0.0003780718336483932,0.03780718336483932
ISS,1,0.0003780718336483932,0.03780718336483932
ITA,1,0.0003780718336483932,0.03780718336483932
ITE,1,0.0003780718336483932,0.03780718336483932
ITI,1,0.0003780718336483932,0.03780718336483932
ITR,1,0.0003780718336483932,0.03780718336483932
IXC,1,0.0003780718336483932,0.03780718336483932
IXP,1,0.0003780718336483932,0.03780718336483932
JEC,1,0.0003780718336483932,0.03780718336483932
KEA,1,0.0003780718336483932,0.03780718336483932
KEE,1,0.0003780718336483932,0.03780718336483932
KNE,1,0.0003780718336483932,0.03780718336483932
KTH,1,0.0003780718336483932,0.03780718336483932
LAT,1,0.0003780718336483932,0.03780718336483932
LCI,1,0.0003780718336483932,0.03780718336483932
LCR,1,0.0003780718336483932,0.03780718336483932
LDD,1,0.0003780718336483932,0.03780718336483932
LDE,1,0.0003780718336483932,0.03780718336483932
LDR,1,0.0003780718336483932,0.03780718336483932
LEC,1,0.0003780718336483932,0.03780718336483932
LEE,1,0.0003780718336483932,0.03780718336483932
LEK,1,0.0003780718336483932,0.03780718336483932
LEL,1,0.0003780718336483932,0.03780718336483932
LEW,1,0.0003780718336483932,0.03780718336483932
LFO,1,0.0003780718336483932,0.03780718336483932
LGU,1,0.0003780718336483932,0.03780718336483932
LIB,1,0.0003780718336483932,0.03780718336483932
LIM,1,0.0003780718336483932,0.03780718336483932
LIT,1,0.0003780718336483932,0.03780718336483932
LKE,1,0.0003780718336483932,0.03780718336483932
LLE,1,0.0003780718336483932,0.03780718336483932
LLK,1,0.0003780718336483932,0.03780718336483932
LLS,1,0.0003780718336483932,0.03780718336483932
LLT,1,0.0003780718336483932,0.03780718336483932
LMO,1,0.0003780718336483932,0.03780718336483932
LPH,1,0.0003780718336483932,0.03780718336483932
LPR,1,0.0003780718336483932,0.03780718336483932
LSH,1,0.0003780718336483932,0.03780718336483932
LSS,1,0.0003780718336483932,0.03780718336483932
LTF,1,0.0003780718336483932,0.03780718336483932
LTS,1,0.0003780718336483932,0.03780718336483932
LUE,1,0.0003780718336483932,0.03780718336483932
LYE,1,0.0003780718336483932,0.03780718336483932
LYF,1,0.0003780718336483932,0.03780718336483932
LYP,1,0.0003780718336483932,0.03780718336483932
LYR,1,0.0003780718336483932,0.03780718336483932
LYY,1,0.0003780718336483932,0.03780718336483932
MAM,1,0.0003780718336483932,0.03780718336483932
MBI,1,0.0003780718336483932,0.03780718336483932
MEM,1,0.0003780718336483932,0.03780718336483932
MFR,1,0.0003780718336483932,0.03780718336483932
MIT,1,0.0003780718336483932,0.03780718336483932
MKE,1,0.0003780718336483932,0.03780718336483932
MMA,1,0.0003780718336483932,0.03780718336483932
MME,1,0.0003780718336483932,0.03780718336483932
MMO,1,0.0003780718336483932,0.03780718336483932
MON,1,0.0003780718336483932,0.03780718336483932
MOS,1,0.0003780718336483932,0.03780718336483932
MOV,1,0.0003780718336483932,0.03780718336483932
MPO,1,0.0003780718336483932,0.03780718336483932
MSC,1,0.0003780718336483932,0.03780718336483932
MWE,1,0.0003780718336483932,0.03780718336483932
NAC,1,0.0003780718336483932,0.03780718336483932
NAD,1,0.0003780718336483932,0.03780718336483932
NAM,1,0.0003780718336483932,0.03780718336483932
NAN,1,0.0003780718336483932,0.03780718336483932
NDC,1,0.0003780718336483932,0.03780718336483932
NDH,1,0.0003780718336483932,0.03780718336483932
NDL,1,0.0003780718336483932,0.03780718336483932
NDM,1,0.0003780718336483932,0.03780718336483932
NDN,1,0.0003780718336483932,0.03780718336483932
NDR,1,0.0003780718336483932,0.03780718336483932
NDW,1,0.0003780718336483932,0.03780718336483932
NEC,1,0.0003780718336483932,0.03780718336483932
NED,1,0.0003780718336483932,0.03780718336483932
NER,1,0.0003780718336483932,0.03780718336483932
NES,1,0.0003780718336483932,0.03780718336483932
NET,1,0.0003780718336483932,0.03780718336483932
NEX,1,0.0003780718336483932,0.03780718336483932
NFU,1,0.0003780718336483932,0.03780718336483932
NGA,1,0.0003780718336483932,0.03780718336483932
NGL,1,0.0003780718336483932,0.03780718336483932
NGO,1,0.0003780718336483932,0.03780718336483932
NGP,1,0.0003780718336483932,0.03780718336483932
NIN,1,0.0003780718336483932,0.03780718336483932
NIS,1,0.0003780718336483932,0.03780718336483932
NIV,1,0.0003780718336483932,0.03780718336483932
NKT,1,0.0003780718336483932,0.03780718336483932
NLE,1,0.0003780718336483932,0.03780718336483932
NNE,1,0.0003780718336483932,0.03780718336483932
NNI,1,0.0003780718336483932,0.03780718336483932
NNO,1,0.0003780718336483932,0.03780718336483932
NOB,1,0.0003780718336483932,0.03780718336483932
NOF,1,0.0003780718336483932,0.03780718336483932
NON,1,0.0003780718336483932,0.03780718336483932
NOR,1,0.0003780718336483932,0.03780718336483932
NPR,1,0.0003780718336483932,0.03780718336483932
NSC,1,0.0003780718336483932,0.03780718336483932
NSE,1,0.0003780718336483932,0.03780718336483932
NSF,1,0.0003780718336483932,0.03780718336483932
NSO,1,0.0003780718336483932,0.03780718336483932
NSP,1,0.0003780718336483932,0.03780718336483932
NTB,1,0.0003780718336483932,0.03780718336483932
NTF,1,0.0003780718336483932,0.03780718336483932
NTL,1,0.0003780718336483932,0.03780718336483932
NUS,1,0.0003780718336483932,0.03780718336483932
NWH,1,0.0003780718336483932,0.03780718336483932
NYS,1,0.0003780718336483932,0.03780718336483932
OAN,1,0.0003780718336483932,0.03780718336483932
OBS,1,0.0003780718336483932,0.03780718336483932
OCC,1,0.0003780718336483932,0.03780718336483932
OCE,1,0.0003780718336483932,0.03780718336483932
OCU,1,0.0003780718336483932,0.03780718336483932
ODC,1,0.0003780718336483932,0.03780718336483932
ODS,1,0.0003780718336483932,0.03780718336483932
OEN,1,0.0003780718336483932,0.03780718336483932
OEX,1,0.0003780718336483932,0.03780718336483932
OFL,1,0.0003780718336483932,0.03780718336483932
OFO,1,0.0003780718336483932,0.03780718336483932
OJE,1,0.0003780718336483932,0.03780718336483932
OMC,1,0.0003780718336483932,0.03780718336483932
OMF,1,0.0003780718336483932,0.03780718336483932
OMK,1,0.0003780718336483932,0.03780718336483932
OMT,1,0.0003780718336483932,0.03780718336483932
ONA,1,0.0003780718336483932,0.03780718336483932
OND,1,0.0003780718336483932,0.03780718336483932
ONE,1,0.0003780718336483932,0.03780718336483932
ONF,1,0.0003780718336483932,0.03780718336483932
ONI,1,0.0003780718336483932,0.03780718336483932
ONN,1,0.0003780718336483932,0.03780718336483932
ONO,1,0.0003780718336483932,0.03780718336483932
ONU,1,0.0003780718336483932,0.03780718336483932
OOM,1,0.0003780718336483932,0.03780718336483932
OOP,1,0.0003780718336483932,0.03780718336483932
ORE,1,0.0003780718336483932,0.03780718336483932
ORR,1,0.0003780718336483932,0.03780718336483932
ORS,1,0.0003780718336483932,0.03780718336483932
OST,1,0.0003780718336483932,0.03780718336483932
OTL,1,0.0003780718336483932,0.03780718336483932
OTS,1,0.0003780718336483932,0.03780718336483932
OTT,1,0.0003780718336483932,0.03780718336483932
OUP,1,0.0003780718336483932,0.03780718336483932
OUS,1,0.0003780718336483932,0.03780718336483932
OVE,1,0.0003780718336483932,0.03780718336483932
OWM,1,0.0003780718336483932,0.03780718336483932
OWT,1,0.0003780718336483932,0.03780718336483932
PAT,1,0.0003780718336483932,0.03780718336483932
PEA,1,0.0003780718336483932,0.03780718336483932
PEC,1,0.0003780718336483932,0.03780718336483932
PHA,1,0.0003780718336483932,0.03780718336483932
PHY,1,0.0003780718336483932,0.03780718336483932
PLO,1,0.0003780718336483932,0.03780718336483932
PSS,1,0.0003780718336483932,0.03780718336483932
PTA,1,0.0003780718336483932,0.03780718336483932
PTE,1,0.0003780718336483932,0.03780718336483932
PTO,1,0.0003780718336483932,0.03780718336483932
PTS,1,0.0003780718336483932,0.03780718336483932
PUT,1,0.0003780718336483932,0.03780718336483932
PYA,1,0.0003780718336483932,0.03780718336483932
PYS,1,0.0003780718336483932,0.03780718336483932
PYT,1,0.0003780718336483932,0.03780718336483932
RAG,1,0.0003780718336483932,0.03780718336483932
RAL,1,0.0003780718336483932,0.03780718336483932
RAP,1,0.0003780718336483932,0.03780718336483932
RAU,1,0.0003780718336483932,0.03780718336483932
RCA,1,0.0003780718336483932,0.03780718336483932
RCE,1,0.0003780718336483932,0.03780718336483932
RCI,1,0.0003780718336483932,0.03780718336483932
RCU,1,0.0003780718336483932,0.03780718336483932
RDB,1,0.0003780718336483932,0.03780718336483932
RDC,1,0.0003780718336483932,0.03780718336483932
RDE,1,0.0003780718336483932,0.03780718336483932
RDO,1,0.0003780718336483932,0.03780718336483932
REB,1,0.0003780718336483932,0.03780718336483932
REG,1,0.0003780718336483932,0.03780718336483932
REH,1,0.0003780718336483932,0.03780718336483932
REL,1,0.0003780718336483932,0.03780718336483932
REM,1,0.0003780718336483932,0.03780718336483932
REU,1,0.0003780718336483932,0.03780718336483932
RFR,1,0.0003780718336483932,0.03780718336483932
RIN,1,0.0003780718336483932,0.03780718336483932
RKE,1,0.0003780718336483932,0.03780718336483932
RMA,1,0.0003780718336483932,0.03780718336483932
RME,1,0.0003780718336483932,0.03780718336483932
ROC,1,0.0003780718336483932,0.03780718336483932
ROG,1,0.0003780718336483932,0.03780718336483932
ROJ,1,0.0003780718336483932,0.03780718336483932
RON,1,0.0003780718336483932,0.03780718336483932
ROO,1,0.0003780718336483932,0.03780718336483932
ROT,1,0.0003780718336483932,0.03780718336483932
RRE,1,0.0003780718336483932,0.03780718336483932
RSB,1,0.0003780718336483932,0.03780718336483932
RSC,1,0.0003780718336483932,0.03780718336483932
RSH,1,0.0003780718336483932,0.03780718336483932
RSI,1,0.0003780718336483932,0.03780718336483932
RSZ,1,0.0003780718336483932,0.03780718336483932
RTA,1,0.0003780718336483932,0.03780718336483932
RTF,1,0.0003780718336483932,0.03780718336483932
RTH,1,0.0003780718336483932,0.03780718336483932
RTM,1,0.0003780718336483932,0.03780718336483932
RTS,1,0.0003780718336483932,0.03780718336483932
RUE,1,0.0003780718336483932,0.03780718336483932
RUS,1,0.0003780718336483932,0.03780718336483932
RUT,1,0.0003780718336483932,0.03780718336483932
RVA,1,0.0003780718336483932,0.03780718336483932
RVI,1,0.0003780718336483932,0.03780718336483932
RWI,1,0.0003780718336483932,0.03780718336483932
RYA,1,0.0003780718336483932,0.03780718336483932
RYC,1,0.0003780718336483932,0.03780718336483932
RYO,1,0.0003780718336483932,0.03780718336483932
RYS,1,0.0003780718336483932,0.03780718336483932
SAD,1,0.0003780718336483932,0.03780718336483932
SAL,1,0.0003780718336483932,0.03780718336483932
SAP,1,0.0003780718336483932,0.03780718336483932
SAV,1,0.0003780718336483932,0.03780718336483932
SBI,1,0.0003780718336483932,0.03780718336483932
SBU,1,0.0003780718336483932,0.03780718336483932
SCI,1,0.0003780718336483932,0.03780718336483932
SCL,1,0.0003780718336483932,0.03780718336483932
SCR,1,0.0003780718336483932,0.03780718336483932
SDE,1,0.0003780718336483932,0.03780718336483932
SDO,1,0.0003780718336483932,0.03780718336483932
SEC,1,0.0003780718336483932,0.03780718336483932
SED,1,0.0003780718336483932,0.03780718336483932
SEE,1,0.0003780718336483932,0.03780718336483932
SEQ,1,0.0003780718336483932,0.03780718336483932
SER,1,0.0003780718336483932,0.03780718336483932
SET,1,0.0003780718336483932,0.03780718336483932
SEV,1,0.0003780718336483932,0.03780718336483932
SFO,1,0.0003780718336483932,0.03780718336483932
SGI,1,0.0003780718336483932,0.03780718336483932
SHF,1,0.0003780718336483932,0.03780718336483932
SID,1,0.0003780718336483932,0.03780718336483932
SIE,1,0.0003780718336483932,0.03780718336483932
SIT,1,0.0003780718336483932,0.03780718336483932
SKE,1,0.0003780718336483932,0.03780718336483932
SOC,1,0.0003780718336483932,0.03780718336483932
SOM,1,0.0003780718336483932,0.03780718336483932
SOP,1,0.0003780718336483932,0.03780718336483932
SOR,1,0.0003780718336483932,0.03780718336483932
SOT,1,0.0003780718336483932,0.03780718336483932
SPE,1,0.0003780718336483932,0.03780718336483932
SPR,1,0.0003780718336483932,0.03780718336483932
SRO,1,0.0003780718336483932,0.03780718336483932
SSE,1,0.0003780718336483932,0.03780718336483932
SSO,1,0.0003780718336483932,0.03780718336483932
SSR,1,0.0003780718336483932,0.03780718336483932
SSS,1,0.0003780718336483932,0.03780718336483932
SSU,1,0.0003780718336483932,0.03780718336483932
SSY,1,0.0003780718336483932,0.03780718336483932
STO,1,0.0003780718336483932,0.03780718336483932
STS,1,0.0003780718336483932,0.03780718336483932
SUA,1,0.0003780718336483932,0.03780718336483932
SUB,1,0.0003780718336483932,0.03780718336483932
SUC,1,0.0003780718336483932,0.03780718336483932
SUF,1,0.0003780718336483932,0.03780718336483932
SVF,1,0.0003780718336483932,0.03780718336483932
SVM,1,0.0003780718336483932,0.03780718336483932
SWH,1,0.0003780718336483932,0.03780718336483932
SYS,1,0.0003780718336483932,0.03780718336483932
SZE,1,0.0003780718336483932,0.03780718336483932
TAB,1,0.0003780718336483932,0.03780718336483932
TAI,1,0.0003780718336483932,0.03780718336483932
TAL,1,0.0003780718336483932,0.03780718336483932
TAY,1,0.0003780718336483932,0.03780718336483932
TBR,1,0.0003780718336483932,0.03780718336483932
TBU,1,0.0003780718336483932,0.03780718336483932
TCO,1,0.0003780718336483932,0.03780718336483932
TDE,1,0.0003780718336483932,0.03780718336483932
TDI,1,0.0003780718336483932,0.03780718336483932
TDO,1,0.0003780718336483932,0.03780718336483932
TEF,1,0.0003780718336483932,0.03780718336483932
TEM,1,0.0003780718336483932,0.03780718336483932
TEV,1,0.0003780718336483932,0.03780718336483932
TEW,1,0.0003780718336483932,0.03780718336483932
TFI,1,0.0003780718336483932,0.03780718336483932
THT,1,0.0003780718336483932,0.03780718336483932
TID,1,0.0003780718336483932,0.03780718336483932
TIE,1,0.0003780718336483932,0.03780718336483932
TIF,1,0.0003780718336483932,0.03780718336483932
TLE,1,0.0003780718336483932,0.03780718336483932
TLI,1,0.0003780718336483932,0.03780718336483932
TME,1,0.0003780718336483932,0.03780718336483932
TNU,1,0.0003780718336483932,0.03780718336483932
TOA,1,0.0003780718336483932,0.03780718336483932
TOD,1,0.0003780718336483932,0.03780718336483932
TOF,1,0.0003780718336483932,0.03780718336483932
TOG,1,0.0003780718336483932,0.03780718336483932
TOI,1,0.0003780718336483932,0.03780718336483932
TON,1,0.0003780718336483932,0.03780718336483932
TOU,1,0.0003780718336483932,0.03780718336483932
TPL,1,0.0003780718336483932,0.03780718336483932
TPU,1,0.0003780718336483932,0.03780718336483932
TRE,1,0.0003780718336483932,0.03780718336483932
TRY,1,0.0003780718336483932,0.03780718336483932
TSE,1,0.0003780718336483932,0.03780718336483932
TSR,1,0.0003780718336483932,0.03780718336483932
TSS,1,0.0003780718336483932,0.03780718336483932
TTA,1,0.0003780718336483932,0.03780718336483932
TTO,1,0.0003780718336483932,0.03780718336483932
TUR,1,0.0003780718336483932,0.03780718336483932
TWA,1,0.0003780718336483932,0.03780718336483932
TWO,1,0.0003780718336483932,0.03780718336483932
TYA,1,0.0003780718336483932,0.03780718336483932
TYF,1,0.0003780718336483932,0.03780718336483932
TYP,1,0.0003780718336483932,0.03780718336483932
UAL,1,0.0003780718336483932,0.03780718336483932
UBT,1,0.0003780718336483932,0.03780718336483932
UCH,1,0.0003780718336483932,0.03780718336483932
UEK,1,0.0003780718336483932,0.03780718336483932
UFF,1,0.0003780718336483932,0.03780718336483932
UIS,1,0.0003780718336483932,0.03780718336483932
ULE,1,0.0003780718336483932,0.03780718336483932
ULF,1,0.0003780718336483932,0.03780718336483932
ULM,1,0.0003780718336483932,0.03780718336483932
UME,1,0.0003780718336483932,0.03780718336483932
UNI,1,0.0003780718336483932,0.03780718336483932
UNN,1,0.0003780718336483932,0.03780718336483932
UOU,1,0.0003780718336483932,0.03780718336483932
UPS,1,0.0003780718336483932,0.03780718336483932
URA,1,0.0003780718336483932,0.03780718336483932
URI,1,0.0003780718336483932,0.03780718336483932
URN,1,0.0003780718336483932,0.03780718336483932
URT,1,0.0003780718336483932,0.03780718336483932
USA,1,0.0003780718336483932,0.03780718336483932
USU,1,0.0003780718336483932,0.03780718336483932
USW,1,0.0003780718336483932,0.03780718336483932
UTA,1,0.0003780718336483932,0.03780718336483932
UTC,1,0.0003780718336483932,0.03780718336483932
UTE,1,0.0003780718336483932,0.03780718336483932
UTO,1,0.0003780718336483932,0.03780718336483932
UTP,1,0.0003780718336483932,0.03780718336483932
UTR,1,0.0003780718336483932,0.03780718336483932
UTT,1,0.0003780718336483932,0.03780718336483932
VAB,1,0.0003780718336483932,0.03780718336483932
VEA,1,0.0003780718336483932,0.03780718336483932
VEN,1,0.0003780718336483932,0.03780718336483932
VET,1,0.0003780718336483932,0.03780718336483932
VFI,1,0.0003780718336483932,0.03780718336483932
VIE,1,0.0003780718336483932,0.03780718336483932
VIS,1,0.0003780718336483932,0.03780718336483932
VMO,1,0.0003780718336483932,0.03780718336483932
WAR,1,0.0003780718336483932,0.03780718336483932
WEA,1,0.0003780718336483932,0.03780718336483932
WES,1,0.0003780718336483932,0.03780718336483932
WHI,1,0.0003780718336483932,0.03780718336483932
WHY,1,0.0003780718336483932,0.03780718336483932
WMA,1,0.0003780718336483932,0.03780718336483932
WOF,1,0.0003780718336483932,0.03780718336483932
WOO,1,0.0003780718336483932,0.03780718336483932
WSI,1,0.0003780718336483932,0.03780718336483932
WTE,1,0.0003780718336483932,0.03780718336483932
XAM,1,0.0003780718336483932,0.03780718336483932
XCA,1,0.0003780718336483932,0.03780718336483932
XPO,1,0.0003780718336483932,0.03780718336483932
XSY,1,0.0003780718336483932,0.03780718336483932
XTA,1,0.0003780718336483932,0.03780718336483932
XTB,1,0.0003780718336483932,0.03780718336483932
XTL,1,0.0003780718336483932,0.03780718336483932
YAK,1,0.0003780718336483932,0.03780718336483932
YAR,1,0.0003780718336483932,0.03780718336483932
YCH,1,0.0003780718336483932,0.03780718336483932
YCS,1,0.0003780718336483932,0.03780718336483932
YEN,1,0.0003780718336483932,0.03780718336483932
YET,1,0.0003780718336483932,0.03780718336483932
YEV,1,0.0003780718336483932,0.03780718336483932
YFI,1,0.0003780718336483932,0.03780718336483932
YFO,1,0.0003780718336483932,0.03780718336483932
YMU,1,0.0003780718336483932,0.03780718336483932
YOU,1,0.0003780718336483932,0.03780718336483932
YPO,1,0.0003780718336483932,0.03780718336483932
YPY,1,0.0003780718336483932,0.03780718336483932
YSE,1,0.0003780718336483932,0.03780718336483932
YSY,1,0.0003780718336483932,0.03780718336483932
YTE,1,0.0003780718336483932,0.03780718336483932
YTW,1,0.0003780718336483932,0.03780718336483932
YWI,1,0.0003780718336483932,0.03780718336483932
YYE,1,0.0003780718336483932,0.03780718336483932
ZER,1,0.0003780718336483932,0.03780718336483932
ZTH,1,0.0003780718336483932,0.03780718336483932
